--
-- PostgreSQL database cluster dump
--

SET default_transaction_read_only = off;

SET client_encoding = 'UTF8';
SET standard_conforming_strings = on;

--
-- Roles
--

CREATE ROLE anon;
ALTER ROLE anon WITH NOSUPERUSER INHERIT NOCREATEROLE NOCREATEDB NOLOGIN NOREPLICATION NOBYPASSRLS;
CREATE ROLE authenticated;
ALTER ROLE authenticated WITH NOSUPERUSER INHERIT NOCREATEROLE NOCREATEDB NOLOGIN NOREPLICATION NOBYPASSRLS;
CREATE ROLE authenticator;
ALTER ROLE authenticator WITH NOSUPERUSER NOINHERIT NOCREATEROLE NOCREATEDB LOGIN NOREPLICATION NOBYPASSRLS;
CREATE ROLE dashboard_user;
ALTER ROLE dashboard_user WITH NOSUPERUSER INHERIT CREATEROLE CREATEDB NOLOGIN REPLICATION NOBYPASSRLS;
CREATE ROLE pgbouncer;
ALTER ROLE pgbouncer WITH NOSUPERUSER INHERIT NOCREATEROLE NOCREATEDB LOGIN NOREPLICATION NOBYPASSRLS;
CREATE ROLE postgres;
ALTER ROLE postgres WITH NOSUPERUSER INHERIT CREATEROLE CREATEDB LOGIN REPLICATION BYPASSRLS;
CREATE ROLE service_role;
ALTER ROLE service_role WITH NOSUPERUSER INHERIT NOCREATEROLE NOCREATEDB NOLOGIN NOREPLICATION BYPASSRLS;
CREATE ROLE supabase_admin;
ALTER ROLE supabase_admin WITH SUPERUSER INHERIT CREATEROLE CREATEDB LOGIN REPLICATION BYPASSRLS;
CREATE ROLE supabase_auth_admin;
ALTER ROLE supabase_auth_admin WITH NOSUPERUSER NOINHERIT CREATEROLE NOCREATEDB LOGIN NOREPLICATION NOBYPASSRLS;
CREATE ROLE supabase_read_only_user;
ALTER ROLE supabase_read_only_user WITH NOSUPERUSER INHERIT NOCREATEROLE NOCREATEDB LOGIN NOREPLICATION BYPASSRLS;
CREATE ROLE supabase_realtime_admin;
ALTER ROLE supabase_realtime_admin WITH NOSUPERUSER NOINHERIT NOCREATEROLE NOCREATEDB NOLOGIN NOREPLICATION NOBYPASSRLS;
CREATE ROLE supabase_replication_admin;
ALTER ROLE supabase_replication_admin WITH NOSUPERUSER INHERIT NOCREATEROLE NOCREATEDB LOGIN REPLICATION NOBYPASSRLS;
CREATE ROLE supabase_storage_admin;
ALTER ROLE supabase_storage_admin WITH NOSUPERUSER NOINHERIT CREATEROLE NOCREATEDB LOGIN NOREPLICATION NOBYPASSRLS;

--
-- User Configurations
--

--
-- User Config "anon"
--

ALTER ROLE anon SET statement_timeout TO '3s';

--
-- User Config "authenticated"
--

ALTER ROLE authenticated SET statement_timeout TO '8s';

--
-- User Config "authenticator"
--

ALTER ROLE authenticator SET session_preload_libraries TO 'safeupdate';
ALTER ROLE authenticator SET statement_timeout TO '8s';
ALTER ROLE authenticator SET lock_timeout TO '8s';

--
-- User Config "postgres"
--

ALTER ROLE postgres SET search_path TO E'\\$user', 'public', 'extensions';

--
-- User Config "supabase_admin"
--

ALTER ROLE supabase_admin SET search_path TO '$user', 'public', 'auth', 'extensions';
ALTER ROLE supabase_admin SET log_statement TO 'none';

--
-- User Config "supabase_auth_admin"
--

ALTER ROLE supabase_auth_admin SET search_path TO 'auth';
ALTER ROLE supabase_auth_admin SET idle_in_transaction_session_timeout TO '60000';
ALTER ROLE supabase_auth_admin SET log_statement TO 'none';

--
-- User Config "supabase_storage_admin"
--

ALTER ROLE supabase_storage_admin SET search_path TO 'storage';
ALTER ROLE supabase_storage_admin SET log_statement TO 'none';


--
-- Role memberships
--

GRANT anon TO authenticator GRANTED BY postgres;
GRANT anon TO postgres GRANTED BY supabase_admin;
GRANT authenticated TO authenticator GRANTED BY postgres;
GRANT authenticated TO postgres GRANTED BY supabase_admin;
GRANT authenticator TO supabase_storage_admin GRANTED BY supabase_admin;
GRANT pg_monitor TO postgres GRANTED BY supabase_admin;
GRANT pg_read_all_data TO postgres GRANTED BY supabase_admin;
GRANT pg_read_all_data TO supabase_read_only_user GRANTED BY postgres;
GRANT pg_signal_backend TO postgres GRANTED BY supabase_admin;
GRANT service_role TO authenticator GRANTED BY postgres;
GRANT service_role TO postgres GRANTED BY supabase_admin;
GRANT supabase_realtime_admin TO postgres GRANTED BY supabase_admin;






--
-- Databases
--

--
-- Database "template1" dump
--

\connect template1

--
-- PostgreSQL database dump
--

-- Dumped from database version 15.8
-- Dumped by pg_dump version 15.13 (Debian 15.13-1.pgdg120+1)

SET statement_timeout = 0;
SET lock_timeout = 0;
SET idle_in_transaction_session_timeout = 0;
SET client_encoding = 'UTF8';
SET standard_conforming_strings = on;
SELECT pg_catalog.set_config('search_path', '', false);
SET check_function_bodies = false;
SET xmloption = content;
SET client_min_messages = warning;
SET row_security = off;

--
-- PostgreSQL database dump complete
--

--
-- Database "postgres" dump
--

\connect postgres

--
-- PostgreSQL database dump
--

-- Dumped from database version 15.8
-- Dumped by pg_dump version 15.13 (Debian 15.13-1.pgdg120+1)

SET statement_timeout = 0;
SET lock_timeout = 0;
SET idle_in_transaction_session_timeout = 0;
SET client_encoding = 'UTF8';
SET standard_conforming_strings = on;
SELECT pg_catalog.set_config('search_path', '', false);
SET check_function_bodies = false;
SET xmloption = content;
SET client_min_messages = warning;
SET row_security = off;

--
-- Name: auth; Type: SCHEMA; Schema: -; Owner: supabase_admin
--

CREATE SCHEMA auth;


ALTER SCHEMA auth OWNER TO supabase_admin;

--
-- Name: extensions; Type: SCHEMA; Schema: -; Owner: postgres
--

CREATE SCHEMA extensions;


ALTER SCHEMA extensions OWNER TO postgres;

--
-- Name: graphql; Type: SCHEMA; Schema: -; Owner: supabase_admin
--

CREATE SCHEMA graphql;


ALTER SCHEMA graphql OWNER TO supabase_admin;

--
-- Name: graphql_public; Type: SCHEMA; Schema: -; Owner: supabase_admin
--

CREATE SCHEMA graphql_public;


ALTER SCHEMA graphql_public OWNER TO supabase_admin;

--
-- Name: pgbouncer; Type: SCHEMA; Schema: -; Owner: pgbouncer
--

CREATE SCHEMA pgbouncer;


ALTER SCHEMA pgbouncer OWNER TO pgbouncer;

--
-- Name: realtime; Type: SCHEMA; Schema: -; Owner: supabase_admin
--

CREATE SCHEMA realtime;


ALTER SCHEMA realtime OWNER TO supabase_admin;

--
-- Name: storage; Type: SCHEMA; Schema: -; Owner: supabase_admin
--

CREATE SCHEMA storage;


ALTER SCHEMA storage OWNER TO supabase_admin;

--
-- Name: supabase_migrations; Type: SCHEMA; Schema: -; Owner: postgres
--

CREATE SCHEMA supabase_migrations;


ALTER SCHEMA supabase_migrations OWNER TO postgres;

--
-- Name: vault; Type: SCHEMA; Schema: -; Owner: supabase_admin
--

CREATE SCHEMA vault;


ALTER SCHEMA vault OWNER TO supabase_admin;

--
-- Name: pg_graphql; Type: EXTENSION; Schema: -; Owner: -
--

CREATE EXTENSION IF NOT EXISTS pg_graphql WITH SCHEMA graphql;


--
-- Name: EXTENSION pg_graphql; Type: COMMENT; Schema: -; Owner: 
--

COMMENT ON EXTENSION pg_graphql IS 'pg_graphql: GraphQL support';


--
-- Name: pg_stat_statements; Type: EXTENSION; Schema: -; Owner: -
--

CREATE EXTENSION IF NOT EXISTS pg_stat_statements WITH SCHEMA extensions;


--
-- Name: EXTENSION pg_stat_statements; Type: COMMENT; Schema: -; Owner: 
--

COMMENT ON EXTENSION pg_stat_statements IS 'track planning and execution statistics of all SQL statements executed';


--
-- Name: pgcrypto; Type: EXTENSION; Schema: -; Owner: -
--

CREATE EXTENSION IF NOT EXISTS pgcrypto WITH SCHEMA extensions;


--
-- Name: EXTENSION pgcrypto; Type: COMMENT; Schema: -; Owner: 
--

COMMENT ON EXTENSION pgcrypto IS 'cryptographic functions';


--
-- Name: pgjwt; Type: EXTENSION; Schema: -; Owner: -
--

CREATE EXTENSION IF NOT EXISTS pgjwt WITH SCHEMA extensions;


--
-- Name: EXTENSION pgjwt; Type: COMMENT; Schema: -; Owner: 
--

COMMENT ON EXTENSION pgjwt IS 'JSON Web Token API for Postgresql';


--
-- Name: supabase_vault; Type: EXTENSION; Schema: -; Owner: -
--

CREATE EXTENSION IF NOT EXISTS supabase_vault WITH SCHEMA vault;


--
-- Name: EXTENSION supabase_vault; Type: COMMENT; Schema: -; Owner: 
--

COMMENT ON EXTENSION supabase_vault IS 'Supabase Vault Extension';


--
-- Name: uuid-ossp; Type: EXTENSION; Schema: -; Owner: -
--

CREATE EXTENSION IF NOT EXISTS "uuid-ossp" WITH SCHEMA extensions;


--
-- Name: EXTENSION "uuid-ossp"; Type: COMMENT; Schema: -; Owner: 
--

COMMENT ON EXTENSION "uuid-ossp" IS 'generate universally unique identifiers (UUIDs)';


--
-- Name: aal_level; Type: TYPE; Schema: auth; Owner: supabase_auth_admin
--

CREATE TYPE auth.aal_level AS ENUM (
    'aal1',
    'aal2',
    'aal3'
);


ALTER TYPE auth.aal_level OWNER TO supabase_auth_admin;

--
-- Name: code_challenge_method; Type: TYPE; Schema: auth; Owner: supabase_auth_admin
--

CREATE TYPE auth.code_challenge_method AS ENUM (
    's256',
    'plain'
);


ALTER TYPE auth.code_challenge_method OWNER TO supabase_auth_admin;

--
-- Name: factor_status; Type: TYPE; Schema: auth; Owner: supabase_auth_admin
--

CREATE TYPE auth.factor_status AS ENUM (
    'unverified',
    'verified'
);


ALTER TYPE auth.factor_status OWNER TO supabase_auth_admin;

--
-- Name: factor_type; Type: TYPE; Schema: auth; Owner: supabase_auth_admin
--

CREATE TYPE auth.factor_type AS ENUM (
    'totp',
    'webauthn',
    'phone'
);


ALTER TYPE auth.factor_type OWNER TO supabase_auth_admin;

--
-- Name: one_time_token_type; Type: TYPE; Schema: auth; Owner: supabase_auth_admin
--

CREATE TYPE auth.one_time_token_type AS ENUM (
    'confirmation_token',
    'reauthentication_token',
    'recovery_token',
    'email_change_token_new',
    'email_change_token_current',
    'phone_change_token'
);


ALTER TYPE auth.one_time_token_type OWNER TO supabase_auth_admin;

--
-- Name: action; Type: TYPE; Schema: realtime; Owner: supabase_admin
--

CREATE TYPE realtime.action AS ENUM (
    'INSERT',
    'UPDATE',
    'DELETE',
    'TRUNCATE',
    'ERROR'
);


ALTER TYPE realtime.action OWNER TO supabase_admin;

--
-- Name: equality_op; Type: TYPE; Schema: realtime; Owner: supabase_admin
--

CREATE TYPE realtime.equality_op AS ENUM (
    'eq',
    'neq',
    'lt',
    'lte',
    'gt',
    'gte',
    'in'
);


ALTER TYPE realtime.equality_op OWNER TO supabase_admin;

--
-- Name: user_defined_filter; Type: TYPE; Schema: realtime; Owner: supabase_admin
--

CREATE TYPE realtime.user_defined_filter AS (
	column_name text,
	op realtime.equality_op,
	value text
);


ALTER TYPE realtime.user_defined_filter OWNER TO supabase_admin;

--
-- Name: wal_column; Type: TYPE; Schema: realtime; Owner: supabase_admin
--

CREATE TYPE realtime.wal_column AS (
	name text,
	type_name text,
	type_oid oid,
	value jsonb,
	is_pkey boolean,
	is_selectable boolean
);


ALTER TYPE realtime.wal_column OWNER TO supabase_admin;

--
-- Name: wal_rls; Type: TYPE; Schema: realtime; Owner: supabase_admin
--

CREATE TYPE realtime.wal_rls AS (
	wal jsonb,
	is_rls_enabled boolean,
	subscription_ids uuid[],
	errors text[]
);


ALTER TYPE realtime.wal_rls OWNER TO supabase_admin;

--
-- Name: email(); Type: FUNCTION; Schema: auth; Owner: supabase_auth_admin
--

CREATE FUNCTION auth.email() RETURNS text
    LANGUAGE sql STABLE
    AS $$
  select 
  coalesce(
    nullif(current_setting('request.jwt.claim.email', true), ''),
    (nullif(current_setting('request.jwt.claims', true), '')::jsonb ->> 'email')
  )::text
$$;


ALTER FUNCTION auth.email() OWNER TO supabase_auth_admin;

--
-- Name: FUNCTION email(); Type: COMMENT; Schema: auth; Owner: supabase_auth_admin
--

COMMENT ON FUNCTION auth.email() IS 'Deprecated. Use auth.jwt() -> ''email'' instead.';


--
-- Name: jwt(); Type: FUNCTION; Schema: auth; Owner: supabase_auth_admin
--

CREATE FUNCTION auth.jwt() RETURNS jsonb
    LANGUAGE sql STABLE
    AS $$
  select 
    coalesce(
        nullif(current_setting('request.jwt.claim', true), ''),
        nullif(current_setting('request.jwt.claims', true), '')
    )::jsonb
$$;


ALTER FUNCTION auth.jwt() OWNER TO supabase_auth_admin;

--
-- Name: role(); Type: FUNCTION; Schema: auth; Owner: supabase_auth_admin
--

CREATE FUNCTION auth.role() RETURNS text
    LANGUAGE sql STABLE
    AS $$
  select 
  coalesce(
    nullif(current_setting('request.jwt.claim.role', true), ''),
    (nullif(current_setting('request.jwt.claims', true), '')::jsonb ->> 'role')
  )::text
$$;


ALTER FUNCTION auth.role() OWNER TO supabase_auth_admin;

--
-- Name: FUNCTION role(); Type: COMMENT; Schema: auth; Owner: supabase_auth_admin
--

COMMENT ON FUNCTION auth.role() IS 'Deprecated. Use auth.jwt() -> ''role'' instead.';


--
-- Name: uid(); Type: FUNCTION; Schema: auth; Owner: supabase_auth_admin
--

CREATE FUNCTION auth.uid() RETURNS uuid
    LANGUAGE sql STABLE
    AS $$
  select 
  coalesce(
    nullif(current_setting('request.jwt.claim.sub', true), ''),
    (nullif(current_setting('request.jwt.claims', true), '')::jsonb ->> 'sub')
  )::uuid
$$;


ALTER FUNCTION auth.uid() OWNER TO supabase_auth_admin;

--
-- Name: FUNCTION uid(); Type: COMMENT; Schema: auth; Owner: supabase_auth_admin
--

COMMENT ON FUNCTION auth.uid() IS 'Deprecated. Use auth.jwt() -> ''sub'' instead.';


--
-- Name: grant_pg_cron_access(); Type: FUNCTION; Schema: extensions; Owner: supabase_admin
--

CREATE FUNCTION extensions.grant_pg_cron_access() RETURNS event_trigger
    LANGUAGE plpgsql
    AS $$
BEGIN
  IF EXISTS (
    SELECT
    FROM pg_event_trigger_ddl_commands() AS ev
    JOIN pg_extension AS ext
    ON ev.objid = ext.oid
    WHERE ext.extname = 'pg_cron'
  )
  THEN
    grant usage on schema cron to postgres with grant option;

    alter default privileges in schema cron grant all on tables to postgres with grant option;
    alter default privileges in schema cron grant all on functions to postgres with grant option;
    alter default privileges in schema cron grant all on sequences to postgres with grant option;

    alter default privileges for user supabase_admin in schema cron grant all
        on sequences to postgres with grant option;
    alter default privileges for user supabase_admin in schema cron grant all
        on tables to postgres with grant option;
    alter default privileges for user supabase_admin in schema cron grant all
        on functions to postgres with grant option;

    grant all privileges on all tables in schema cron to postgres with grant option;
    revoke all on table cron.job from postgres;
    grant select on table cron.job to postgres with grant option;
  END IF;
END;
$$;


ALTER FUNCTION extensions.grant_pg_cron_access() OWNER TO supabase_admin;

--
-- Name: FUNCTION grant_pg_cron_access(); Type: COMMENT; Schema: extensions; Owner: supabase_admin
--

COMMENT ON FUNCTION extensions.grant_pg_cron_access() IS 'Grants access to pg_cron';


--
-- Name: grant_pg_graphql_access(); Type: FUNCTION; Schema: extensions; Owner: supabase_admin
--

CREATE FUNCTION extensions.grant_pg_graphql_access() RETURNS event_trigger
    LANGUAGE plpgsql
    AS $_$
DECLARE
    func_is_graphql_resolve bool;
BEGIN
    func_is_graphql_resolve = (
        SELECT n.proname = 'resolve'
        FROM pg_event_trigger_ddl_commands() AS ev
        LEFT JOIN pg_catalog.pg_proc AS n
        ON ev.objid = n.oid
    );

    IF func_is_graphql_resolve
    THEN
        -- Update public wrapper to pass all arguments through to the pg_graphql resolve func
        DROP FUNCTION IF EXISTS graphql_public.graphql;
        create or replace function graphql_public.graphql(
            "operationName" text default null,
            query text default null,
            variables jsonb default null,
            extensions jsonb default null
        )
            returns jsonb
            language sql
        as $$
            select graphql.resolve(
                query := query,
                variables := coalesce(variables, '{}'),
                "operationName" := "operationName",
                extensions := extensions
            );
        $$;

        -- This hook executes when `graphql.resolve` is created. That is not necessarily the last
        -- function in the extension so we need to grant permissions on existing entities AND
        -- update default permissions to any others that are created after `graphql.resolve`
        grant usage on schema graphql to postgres, anon, authenticated, service_role;
        grant select on all tables in schema graphql to postgres, anon, authenticated, service_role;
        grant execute on all functions in schema graphql to postgres, anon, authenticated, service_role;
        grant all on all sequences in schema graphql to postgres, anon, authenticated, service_role;
        alter default privileges in schema graphql grant all on tables to postgres, anon, authenticated, service_role;
        alter default privileges in schema graphql grant all on functions to postgres, anon, authenticated, service_role;
        alter default privileges in schema graphql grant all on sequences to postgres, anon, authenticated, service_role;

        -- Allow postgres role to allow granting usage on graphql and graphql_public schemas to custom roles
        grant usage on schema graphql_public to postgres with grant option;
        grant usage on schema graphql to postgres with grant option;
    END IF;

END;
$_$;


ALTER FUNCTION extensions.grant_pg_graphql_access() OWNER TO supabase_admin;

--
-- Name: FUNCTION grant_pg_graphql_access(); Type: COMMENT; Schema: extensions; Owner: supabase_admin
--

COMMENT ON FUNCTION extensions.grant_pg_graphql_access() IS 'Grants access to pg_graphql';


--
-- Name: grant_pg_net_access(); Type: FUNCTION; Schema: extensions; Owner: supabase_admin
--

CREATE FUNCTION extensions.grant_pg_net_access() RETURNS event_trigger
    LANGUAGE plpgsql
    AS $$
BEGIN
  IF EXISTS (
    SELECT 1
    FROM pg_event_trigger_ddl_commands() AS ev
    JOIN pg_extension AS ext
    ON ev.objid = ext.oid
    WHERE ext.extname = 'pg_net'
  )
  THEN
    IF NOT EXISTS (
      SELECT 1
      FROM pg_roles
      WHERE rolname = 'supabase_functions_admin'
    )
    THEN
      CREATE USER supabase_functions_admin NOINHERIT CREATEROLE LOGIN NOREPLICATION;
    END IF;

    GRANT USAGE ON SCHEMA net TO supabase_functions_admin, postgres, anon, authenticated, service_role;

    IF EXISTS (
      SELECT FROM pg_extension
      WHERE extname = 'pg_net'
      -- all versions in use on existing projects as of 2025-02-20
      -- version 0.12.0 onwards don't need these applied
      AND extversion IN ('0.2', '0.6', '0.7', '0.7.1', '0.8', '0.10.0', '0.11.0')
    ) THEN
      ALTER function net.http_get(url text, params jsonb, headers jsonb, timeout_milliseconds integer) SECURITY DEFINER;
      ALTER function net.http_post(url text, body jsonb, params jsonb, headers jsonb, timeout_milliseconds integer) SECURITY DEFINER;

      ALTER function net.http_get(url text, params jsonb, headers jsonb, timeout_milliseconds integer) SET search_path = net;
      ALTER function net.http_post(url text, body jsonb, params jsonb, headers jsonb, timeout_milliseconds integer) SET search_path = net;

      REVOKE ALL ON FUNCTION net.http_get(url text, params jsonb, headers jsonb, timeout_milliseconds integer) FROM PUBLIC;
      REVOKE ALL ON FUNCTION net.http_post(url text, body jsonb, params jsonb, headers jsonb, timeout_milliseconds integer) FROM PUBLIC;

      GRANT EXECUTE ON FUNCTION net.http_get(url text, params jsonb, headers jsonb, timeout_milliseconds integer) TO supabase_functions_admin, postgres, anon, authenticated, service_role;
      GRANT EXECUTE ON FUNCTION net.http_post(url text, body jsonb, params jsonb, headers jsonb, timeout_milliseconds integer) TO supabase_functions_admin, postgres, anon, authenticated, service_role;
    END IF;
  END IF;
END;
$$;


ALTER FUNCTION extensions.grant_pg_net_access() OWNER TO supabase_admin;

--
-- Name: FUNCTION grant_pg_net_access(); Type: COMMENT; Schema: extensions; Owner: supabase_admin
--

COMMENT ON FUNCTION extensions.grant_pg_net_access() IS 'Grants access to pg_net';


--
-- Name: pgrst_ddl_watch(); Type: FUNCTION; Schema: extensions; Owner: supabase_admin
--

CREATE FUNCTION extensions.pgrst_ddl_watch() RETURNS event_trigger
    LANGUAGE plpgsql
    AS $$
DECLARE
  cmd record;
BEGIN
  FOR cmd IN SELECT * FROM pg_event_trigger_ddl_commands()
  LOOP
    IF cmd.command_tag IN (
      'CREATE SCHEMA', 'ALTER SCHEMA'
    , 'CREATE TABLE', 'CREATE TABLE AS', 'SELECT INTO', 'ALTER TABLE'
    , 'CREATE FOREIGN TABLE', 'ALTER FOREIGN TABLE'
    , 'CREATE VIEW', 'ALTER VIEW'
    , 'CREATE MATERIALIZED VIEW', 'ALTER MATERIALIZED VIEW'
    , 'CREATE FUNCTION', 'ALTER FUNCTION'
    , 'CREATE TRIGGER'
    , 'CREATE TYPE', 'ALTER TYPE'
    , 'CREATE RULE'
    , 'COMMENT'
    )
    -- don't notify in case of CREATE TEMP table or other objects created on pg_temp
    AND cmd.schema_name is distinct from 'pg_temp'
    THEN
      NOTIFY pgrst, 'reload schema';
    END IF;
  END LOOP;
END; $$;


ALTER FUNCTION extensions.pgrst_ddl_watch() OWNER TO supabase_admin;

--
-- Name: pgrst_drop_watch(); Type: FUNCTION; Schema: extensions; Owner: supabase_admin
--

CREATE FUNCTION extensions.pgrst_drop_watch() RETURNS event_trigger
    LANGUAGE plpgsql
    AS $$
DECLARE
  obj record;
BEGIN
  FOR obj IN SELECT * FROM pg_event_trigger_dropped_objects()
  LOOP
    IF obj.object_type IN (
      'schema'
    , 'table'
    , 'foreign table'
    , 'view'
    , 'materialized view'
    , 'function'
    , 'trigger'
    , 'type'
    , 'rule'
    )
    AND obj.is_temporary IS false -- no pg_temp objects
    THEN
      NOTIFY pgrst, 'reload schema';
    END IF;
  END LOOP;
END; $$;


ALTER FUNCTION extensions.pgrst_drop_watch() OWNER TO supabase_admin;

--
-- Name: set_graphql_placeholder(); Type: FUNCTION; Schema: extensions; Owner: supabase_admin
--

CREATE FUNCTION extensions.set_graphql_placeholder() RETURNS event_trigger
    LANGUAGE plpgsql
    AS $_$
    DECLARE
    graphql_is_dropped bool;
    BEGIN
    graphql_is_dropped = (
        SELECT ev.schema_name = 'graphql_public'
        FROM pg_event_trigger_dropped_objects() AS ev
        WHERE ev.schema_name = 'graphql_public'
    );

    IF graphql_is_dropped
    THEN
        create or replace function graphql_public.graphql(
            "operationName" text default null,
            query text default null,
            variables jsonb default null,
            extensions jsonb default null
        )
            returns jsonb
            language plpgsql
        as $$
            DECLARE
                server_version float;
            BEGIN
                server_version = (SELECT (SPLIT_PART((select version()), ' ', 2))::float);

                IF server_version >= 14 THEN
                    RETURN jsonb_build_object(
                        'errors', jsonb_build_array(
                            jsonb_build_object(
                                'message', 'pg_graphql extension is not enabled.'
                            )
                        )
                    );
                ELSE
                    RETURN jsonb_build_object(
                        'errors', jsonb_build_array(
                            jsonb_build_object(
                                'message', 'pg_graphql is only available on projects running Postgres 14 onwards.'
                            )
                        )
                    );
                END IF;
            END;
        $$;
    END IF;

    END;
$_$;


ALTER FUNCTION extensions.set_graphql_placeholder() OWNER TO supabase_admin;

--
-- Name: FUNCTION set_graphql_placeholder(); Type: COMMENT; Schema: extensions; Owner: supabase_admin
--

COMMENT ON FUNCTION extensions.set_graphql_placeholder() IS 'Reintroduces placeholder function for graphql_public.graphql';


--
-- Name: get_auth(text); Type: FUNCTION; Schema: pgbouncer; Owner: supabase_admin
--

CREATE FUNCTION pgbouncer.get_auth(p_usename text) RETURNS TABLE(username text, password text)
    LANGUAGE plpgsql SECURITY DEFINER
    AS $_$
  BEGIN
      RAISE DEBUG 'PgBouncer auth request: %', p_usename;

      RETURN QUERY
      SELECT
          rolname::text,
          CASE WHEN rolvaliduntil < now()
              THEN null
              ELSE rolpassword::text
          END
      FROM pg_authid
      WHERE rolname=$1 and rolcanlogin;
  END;
  $_$;


ALTER FUNCTION pgbouncer.get_auth(p_usename text) OWNER TO supabase_admin;

--
-- Name: apply_rls(jsonb, integer); Type: FUNCTION; Schema: realtime; Owner: supabase_admin
--

CREATE FUNCTION realtime.apply_rls(wal jsonb, max_record_bytes integer DEFAULT (1024 * 1024)) RETURNS SETOF realtime.wal_rls
    LANGUAGE plpgsql
    AS $$
declare
-- Regclass of the table e.g. public.notes
entity_ regclass = (quote_ident(wal ->> 'schema') || '.' || quote_ident(wal ->> 'table'))::regclass;

-- I, U, D, T: insert, update ...
action realtime.action = (
    case wal ->> 'action'
        when 'I' then 'INSERT'
        when 'U' then 'UPDATE'
        when 'D' then 'DELETE'
        else 'ERROR'
    end
);

-- Is row level security enabled for the table
is_rls_enabled bool = relrowsecurity from pg_class where oid = entity_;

subscriptions realtime.subscription[] = array_agg(subs)
    from
        realtime.subscription subs
    where
        subs.entity = entity_;

-- Subscription vars
roles regrole[] = array_agg(distinct us.claims_role::text)
    from
        unnest(subscriptions) us;

working_role regrole;
claimed_role regrole;
claims jsonb;

subscription_id uuid;
subscription_has_access bool;
visible_to_subscription_ids uuid[] = '{}';

-- structured info for wal's columns
columns realtime.wal_column[];
-- previous identity values for update/delete
old_columns realtime.wal_column[];

error_record_exceeds_max_size boolean = octet_length(wal::text) > max_record_bytes;

-- Primary jsonb output for record
output jsonb;

begin
perform set_config('role', null, true);

columns =
    array_agg(
        (
            x->>'name',
            x->>'type',
            x->>'typeoid',
            realtime.cast(
                (x->'value') #>> '{}',
                coalesce(
                    (x->>'typeoid')::regtype, -- null when wal2json version <= 2.4
                    (x->>'type')::regtype
                )
            ),
            (pks ->> 'name') is not null,
            true
        )::realtime.wal_column
    )
    from
        jsonb_array_elements(wal -> 'columns') x
        left join jsonb_array_elements(wal -> 'pk') pks
            on (x ->> 'name') = (pks ->> 'name');

old_columns =
    array_agg(
        (
            x->>'name',
            x->>'type',
            x->>'typeoid',
            realtime.cast(
                (x->'value') #>> '{}',
                coalesce(
                    (x->>'typeoid')::regtype, -- null when wal2json version <= 2.4
                    (x->>'type')::regtype
                )
            ),
            (pks ->> 'name') is not null,
            true
        )::realtime.wal_column
    )
    from
        jsonb_array_elements(wal -> 'identity') x
        left join jsonb_array_elements(wal -> 'pk') pks
            on (x ->> 'name') = (pks ->> 'name');

for working_role in select * from unnest(roles) loop

    -- Update `is_selectable` for columns and old_columns
    columns =
        array_agg(
            (
                c.name,
                c.type_name,
                c.type_oid,
                c.value,
                c.is_pkey,
                pg_catalog.has_column_privilege(working_role, entity_, c.name, 'SELECT')
            )::realtime.wal_column
        )
        from
            unnest(columns) c;

    old_columns =
            array_agg(
                (
                    c.name,
                    c.type_name,
                    c.type_oid,
                    c.value,
                    c.is_pkey,
                    pg_catalog.has_column_privilege(working_role, entity_, c.name, 'SELECT')
                )::realtime.wal_column
            )
            from
                unnest(old_columns) c;

    if action <> 'DELETE' and count(1) = 0 from unnest(columns) c where c.is_pkey then
        return next (
            jsonb_build_object(
                'schema', wal ->> 'schema',
                'table', wal ->> 'table',
                'type', action
            ),
            is_rls_enabled,
            -- subscriptions is already filtered by entity
            (select array_agg(s.subscription_id) from unnest(subscriptions) as s where claims_role = working_role),
            array['Error 400: Bad Request, no primary key']
        )::realtime.wal_rls;

    -- The claims role does not have SELECT permission to the primary key of entity
    elsif action <> 'DELETE' and sum(c.is_selectable::int) <> count(1) from unnest(columns) c where c.is_pkey then
        return next (
            jsonb_build_object(
                'schema', wal ->> 'schema',
                'table', wal ->> 'table',
                'type', action
            ),
            is_rls_enabled,
            (select array_agg(s.subscription_id) from unnest(subscriptions) as s where claims_role = working_role),
            array['Error 401: Unauthorized']
        )::realtime.wal_rls;

    else
        output = jsonb_build_object(
            'schema', wal ->> 'schema',
            'table', wal ->> 'table',
            'type', action,
            'commit_timestamp', to_char(
                ((wal ->> 'timestamp')::timestamptz at time zone 'utc'),
                'YYYY-MM-DD"T"HH24:MI:SS.MS"Z"'
            ),
            'columns', (
                select
                    jsonb_agg(
                        jsonb_build_object(
                            'name', pa.attname,
                            'type', pt.typname
                        )
                        order by pa.attnum asc
                    )
                from
                    pg_attribute pa
                    join pg_type pt
                        on pa.atttypid = pt.oid
                where
                    attrelid = entity_
                    and attnum > 0
                    and pg_catalog.has_column_privilege(working_role, entity_, pa.attname, 'SELECT')
            )
        )
        -- Add "record" key for insert and update
        || case
            when action in ('INSERT', 'UPDATE') then
                jsonb_build_object(
                    'record',
                    (
                        select
                            jsonb_object_agg(
                                -- if unchanged toast, get column name and value from old record
                                coalesce((c).name, (oc).name),
                                case
                                    when (c).name is null then (oc).value
                                    else (c).value
                                end
                            )
                        from
                            unnest(columns) c
                            full outer join unnest(old_columns) oc
                                on (c).name = (oc).name
                        where
                            coalesce((c).is_selectable, (oc).is_selectable)
                            and ( not error_record_exceeds_max_size or (octet_length((c).value::text) <= 64))
                    )
                )
            else '{}'::jsonb
        end
        -- Add "old_record" key for update and delete
        || case
            when action = 'UPDATE' then
                jsonb_build_object(
                        'old_record',
                        (
                            select jsonb_object_agg((c).name, (c).value)
                            from unnest(old_columns) c
                            where
                                (c).is_selectable
                                and ( not error_record_exceeds_max_size or (octet_length((c).value::text) <= 64))
                        )
                    )
            when action = 'DELETE' then
                jsonb_build_object(
                    'old_record',
                    (
                        select jsonb_object_agg((c).name, (c).value)
                        from unnest(old_columns) c
                        where
                            (c).is_selectable
                            and ( not error_record_exceeds_max_size or (octet_length((c).value::text) <= 64))
                            and ( not is_rls_enabled or (c).is_pkey ) -- if RLS enabled, we can't secure deletes so filter to pkey
                    )
                )
            else '{}'::jsonb
        end;

        -- Create the prepared statement
        if is_rls_enabled and action <> 'DELETE' then
            if (select 1 from pg_prepared_statements where name = 'walrus_rls_stmt' limit 1) > 0 then
                deallocate walrus_rls_stmt;
            end if;
            execute realtime.build_prepared_statement_sql('walrus_rls_stmt', entity_, columns);
        end if;

        visible_to_subscription_ids = '{}';

        for subscription_id, claims in (
                select
                    subs.subscription_id,
                    subs.claims
                from
                    unnest(subscriptions) subs
                where
                    subs.entity = entity_
                    and subs.claims_role = working_role
                    and (
                        realtime.is_visible_through_filters(columns, subs.filters)
                        or (
                          action = 'DELETE'
                          and realtime.is_visible_through_filters(old_columns, subs.filters)
                        )
                    )
        ) loop

            if not is_rls_enabled or action = 'DELETE' then
                visible_to_subscription_ids = visible_to_subscription_ids || subscription_id;
            else
                -- Check if RLS allows the role to see the record
                perform
                    -- Trim leading and trailing quotes from working_role because set_config
                    -- doesn't recognize the role as valid if they are included
                    set_config('role', trim(both '"' from working_role::text), true),
                    set_config('request.jwt.claims', claims::text, true);

                execute 'execute walrus_rls_stmt' into subscription_has_access;

                if subscription_has_access then
                    visible_to_subscription_ids = visible_to_subscription_ids || subscription_id;
                end if;
            end if;
        end loop;

        perform set_config('role', null, true);

        return next (
            output,
            is_rls_enabled,
            visible_to_subscription_ids,
            case
                when error_record_exceeds_max_size then array['Error 413: Payload Too Large']
                else '{}'
            end
        )::realtime.wal_rls;

    end if;
end loop;

perform set_config('role', null, true);
end;
$$;


ALTER FUNCTION realtime.apply_rls(wal jsonb, max_record_bytes integer) OWNER TO supabase_admin;

--
-- Name: broadcast_changes(text, text, text, text, text, record, record, text); Type: FUNCTION; Schema: realtime; Owner: supabase_admin
--

CREATE FUNCTION realtime.broadcast_changes(topic_name text, event_name text, operation text, table_name text, table_schema text, new record, old record, level text DEFAULT 'ROW'::text) RETURNS void
    LANGUAGE plpgsql
    AS $$
DECLARE
    -- Declare a variable to hold the JSONB representation of the row
    row_data jsonb := '{}'::jsonb;
BEGIN
    IF level = 'STATEMENT' THEN
        RAISE EXCEPTION 'function can only be triggered for each row, not for each statement';
    END IF;
    -- Check the operation type and handle accordingly
    IF operation = 'INSERT' OR operation = 'UPDATE' OR operation = 'DELETE' THEN
        row_data := jsonb_build_object('old_record', OLD, 'record', NEW, 'operation', operation, 'table', table_name, 'schema', table_schema);
        PERFORM realtime.send (row_data, event_name, topic_name);
    ELSE
        RAISE EXCEPTION 'Unexpected operation type: %', operation;
    END IF;
EXCEPTION
    WHEN OTHERS THEN
        RAISE EXCEPTION 'Failed to process the row: %', SQLERRM;
END;

$$;


ALTER FUNCTION realtime.broadcast_changes(topic_name text, event_name text, operation text, table_name text, table_schema text, new record, old record, level text) OWNER TO supabase_admin;

--
-- Name: build_prepared_statement_sql(text, regclass, realtime.wal_column[]); Type: FUNCTION; Schema: realtime; Owner: supabase_admin
--

CREATE FUNCTION realtime.build_prepared_statement_sql(prepared_statement_name text, entity regclass, columns realtime.wal_column[]) RETURNS text
    LANGUAGE sql
    AS $$
      /*
      Builds a sql string that, if executed, creates a prepared statement to
      tests retrive a row from *entity* by its primary key columns.
      Example
          select realtime.build_prepared_statement_sql('public.notes', '{"id"}'::text[], '{"bigint"}'::text[])
      */
          select
      'prepare ' || prepared_statement_name || ' as
          select
              exists(
                  select
                      1
                  from
                      ' || entity || '
                  where
                      ' || string_agg(quote_ident(pkc.name) || '=' || quote_nullable(pkc.value #>> '{}') , ' and ') || '
              )'
          from
              unnest(columns) pkc
          where
              pkc.is_pkey
          group by
              entity
      $$;


ALTER FUNCTION realtime.build_prepared_statement_sql(prepared_statement_name text, entity regclass, columns realtime.wal_column[]) OWNER TO supabase_admin;

--
-- Name: cast(text, regtype); Type: FUNCTION; Schema: realtime; Owner: supabase_admin
--

CREATE FUNCTION realtime."cast"(val text, type_ regtype) RETURNS jsonb
    LANGUAGE plpgsql IMMUTABLE
    AS $$
    declare
      res jsonb;
    begin
      execute format('select to_jsonb(%L::'|| type_::text || ')', val)  into res;
      return res;
    end
    $$;


ALTER FUNCTION realtime."cast"(val text, type_ regtype) OWNER TO supabase_admin;

--
-- Name: check_equality_op(realtime.equality_op, regtype, text, text); Type: FUNCTION; Schema: realtime; Owner: supabase_admin
--

CREATE FUNCTION realtime.check_equality_op(op realtime.equality_op, type_ regtype, val_1 text, val_2 text) RETURNS boolean
    LANGUAGE plpgsql IMMUTABLE
    AS $$
      /*
      Casts *val_1* and *val_2* as type *type_* and check the *op* condition for truthiness
      */
      declare
          op_symbol text = (
              case
                  when op = 'eq' then '='
                  when op = 'neq' then '!='
                  when op = 'lt' then '<'
                  when op = 'lte' then '<='
                  when op = 'gt' then '>'
                  when op = 'gte' then '>='
                  when op = 'in' then '= any'
                  else 'UNKNOWN OP'
              end
          );
          res boolean;
      begin
          execute format(
              'select %L::'|| type_::text || ' ' || op_symbol
              || ' ( %L::'
              || (
                  case
                      when op = 'in' then type_::text || '[]'
                      else type_::text end
              )
              || ')', val_1, val_2) into res;
          return res;
      end;
      $$;


ALTER FUNCTION realtime.check_equality_op(op realtime.equality_op, type_ regtype, val_1 text, val_2 text) OWNER TO supabase_admin;

--
-- Name: is_visible_through_filters(realtime.wal_column[], realtime.user_defined_filter[]); Type: FUNCTION; Schema: realtime; Owner: supabase_admin
--

CREATE FUNCTION realtime.is_visible_through_filters(columns realtime.wal_column[], filters realtime.user_defined_filter[]) RETURNS boolean
    LANGUAGE sql IMMUTABLE
    AS $_$
    /*
    Should the record be visible (true) or filtered out (false) after *filters* are applied
    */
        select
            -- Default to allowed when no filters present
            $2 is null -- no filters. this should not happen because subscriptions has a default
            or array_length($2, 1) is null -- array length of an empty array is null
            or bool_and(
                coalesce(
                    realtime.check_equality_op(
                        op:=f.op,
                        type_:=coalesce(
                            col.type_oid::regtype, -- null when wal2json version <= 2.4
                            col.type_name::regtype
                        ),
                        -- cast jsonb to text
                        val_1:=col.value #>> '{}',
                        val_2:=f.value
                    ),
                    false -- if null, filter does not match
                )
            )
        from
            unnest(filters) f
            join unnest(columns) col
                on f.column_name = col.name;
    $_$;


ALTER FUNCTION realtime.is_visible_through_filters(columns realtime.wal_column[], filters realtime.user_defined_filter[]) OWNER TO supabase_admin;

--
-- Name: list_changes(name, name, integer, integer); Type: FUNCTION; Schema: realtime; Owner: supabase_admin
--

CREATE FUNCTION realtime.list_changes(publication name, slot_name name, max_changes integer, max_record_bytes integer) RETURNS SETOF realtime.wal_rls
    LANGUAGE sql
    SET log_min_messages TO 'fatal'
    AS $$
      with pub as (
        select
          concat_ws(
            ',',
            case when bool_or(pubinsert) then 'insert' else null end,
            case when bool_or(pubupdate) then 'update' else null end,
            case when bool_or(pubdelete) then 'delete' else null end
          ) as w2j_actions,
          coalesce(
            string_agg(
              realtime.quote_wal2json(format('%I.%I', schemaname, tablename)::regclass),
              ','
            ) filter (where ppt.tablename is not null and ppt.tablename not like '% %'),
            ''
          ) w2j_add_tables
        from
          pg_publication pp
          left join pg_publication_tables ppt
            on pp.pubname = ppt.pubname
        where
          pp.pubname = publication
        group by
          pp.pubname
        limit 1
      ),
      w2j as (
        select
          x.*, pub.w2j_add_tables
        from
          pub,
          pg_logical_slot_get_changes(
            slot_name, null, max_changes,
            'include-pk', 'true',
            'include-transaction', 'false',
            'include-timestamp', 'true',
            'include-type-oids', 'true',
            'format-version', '2',
            'actions', pub.w2j_actions,
            'add-tables', pub.w2j_add_tables
          ) x
      )
      select
        xyz.wal,
        xyz.is_rls_enabled,
        xyz.subscription_ids,
        xyz.errors
      from
        w2j,
        realtime.apply_rls(
          wal := w2j.data::jsonb,
          max_record_bytes := max_record_bytes
        ) xyz(wal, is_rls_enabled, subscription_ids, errors)
      where
        w2j.w2j_add_tables <> ''
        and xyz.subscription_ids[1] is not null
    $$;


ALTER FUNCTION realtime.list_changes(publication name, slot_name name, max_changes integer, max_record_bytes integer) OWNER TO supabase_admin;

--
-- Name: quote_wal2json(regclass); Type: FUNCTION; Schema: realtime; Owner: supabase_admin
--

CREATE FUNCTION realtime.quote_wal2json(entity regclass) RETURNS text
    LANGUAGE sql IMMUTABLE STRICT
    AS $$
      select
        (
          select string_agg('' || ch,'')
          from unnest(string_to_array(nsp.nspname::text, null)) with ordinality x(ch, idx)
          where
            not (x.idx = 1 and x.ch = '"')
            and not (
              x.idx = array_length(string_to_array(nsp.nspname::text, null), 1)
              and x.ch = '"'
            )
        )
        || '.'
        || (
          select string_agg('' || ch,'')
          from unnest(string_to_array(pc.relname::text, null)) with ordinality x(ch, idx)
          where
            not (x.idx = 1 and x.ch = '"')
            and not (
              x.idx = array_length(string_to_array(nsp.nspname::text, null), 1)
              and x.ch = '"'
            )
          )
      from
        pg_class pc
        join pg_namespace nsp
          on pc.relnamespace = nsp.oid
      where
        pc.oid = entity
    $$;


ALTER FUNCTION realtime.quote_wal2json(entity regclass) OWNER TO supabase_admin;

--
-- Name: send(jsonb, text, text, boolean); Type: FUNCTION; Schema: realtime; Owner: supabase_admin
--

CREATE FUNCTION realtime.send(payload jsonb, event text, topic text, private boolean DEFAULT true) RETURNS void
    LANGUAGE plpgsql
    AS $$
BEGIN
  BEGIN
    -- Set the topic configuration
    EXECUTE format('SET LOCAL realtime.topic TO %L', topic);

    -- Attempt to insert the message
    INSERT INTO realtime.messages (payload, event, topic, private, extension)
    VALUES (payload, event, topic, private, 'broadcast');
  EXCEPTION
    WHEN OTHERS THEN
      -- Capture and notify the error
      PERFORM pg_notify(
          'realtime:system',
          jsonb_build_object(
              'error', SQLERRM,
              'function', 'realtime.send',
              'event', event,
              'topic', topic,
              'private', private
          )::text
      );
  END;
END;
$$;


ALTER FUNCTION realtime.send(payload jsonb, event text, topic text, private boolean) OWNER TO supabase_admin;

--
-- Name: subscription_check_filters(); Type: FUNCTION; Schema: realtime; Owner: supabase_admin
--

CREATE FUNCTION realtime.subscription_check_filters() RETURNS trigger
    LANGUAGE plpgsql
    AS $$
    /*
    Validates that the user defined filters for a subscription:
    - refer to valid columns that the claimed role may access
    - values are coercable to the correct column type
    */
    declare
        col_names text[] = coalesce(
                array_agg(c.column_name order by c.ordinal_position),
                '{}'::text[]
            )
            from
                information_schema.columns c
            where
                format('%I.%I', c.table_schema, c.table_name)::regclass = new.entity
                and pg_catalog.has_column_privilege(
                    (new.claims ->> 'role'),
                    format('%I.%I', c.table_schema, c.table_name)::regclass,
                    c.column_name,
                    'SELECT'
                );
        filter realtime.user_defined_filter;
        col_type regtype;

        in_val jsonb;
    begin
        for filter in select * from unnest(new.filters) loop
            -- Filtered column is valid
            if not filter.column_name = any(col_names) then
                raise exception 'invalid column for filter %', filter.column_name;
            end if;

            -- Type is sanitized and safe for string interpolation
            col_type = (
                select atttypid::regtype
                from pg_catalog.pg_attribute
                where attrelid = new.entity
                      and attname = filter.column_name
            );
            if col_type is null then
                raise exception 'failed to lookup type for column %', filter.column_name;
            end if;

            -- Set maximum number of entries for in filter
            if filter.op = 'in'::realtime.equality_op then
                in_val = realtime.cast(filter.value, (col_type::text || '[]')::regtype);
                if coalesce(jsonb_array_length(in_val), 0) > 100 then
                    raise exception 'too many values for `in` filter. Maximum 100';
                end if;
            else
                -- raises an exception if value is not coercable to type
                perform realtime.cast(filter.value, col_type);
            end if;

        end loop;

        -- Apply consistent order to filters so the unique constraint on
        -- (subscription_id, entity, filters) can't be tricked by a different filter order
        new.filters = coalesce(
            array_agg(f order by f.column_name, f.op, f.value),
            '{}'
        ) from unnest(new.filters) f;

        return new;
    end;
    $$;


ALTER FUNCTION realtime.subscription_check_filters() OWNER TO supabase_admin;

--
-- Name: to_regrole(text); Type: FUNCTION; Schema: realtime; Owner: supabase_admin
--

CREATE FUNCTION realtime.to_regrole(role_name text) RETURNS regrole
    LANGUAGE sql IMMUTABLE
    AS $$ select role_name::regrole $$;


ALTER FUNCTION realtime.to_regrole(role_name text) OWNER TO supabase_admin;

--
-- Name: topic(); Type: FUNCTION; Schema: realtime; Owner: supabase_realtime_admin
--

CREATE FUNCTION realtime.topic() RETURNS text
    LANGUAGE sql STABLE
    AS $$
select nullif(current_setting('realtime.topic', true), '')::text;
$$;


ALTER FUNCTION realtime.topic() OWNER TO supabase_realtime_admin;

--
-- Name: can_insert_object(text, text, uuid, jsonb); Type: FUNCTION; Schema: storage; Owner: supabase_storage_admin
--

CREATE FUNCTION storage.can_insert_object(bucketid text, name text, owner uuid, metadata jsonb) RETURNS void
    LANGUAGE plpgsql
    AS $$
BEGIN
  INSERT INTO "storage"."objects" ("bucket_id", "name", "owner", "metadata") VALUES (bucketid, name, owner, metadata);
  -- hack to rollback the successful insert
  RAISE sqlstate 'PT200' using
  message = 'ROLLBACK',
  detail = 'rollback successful insert';
END
$$;


ALTER FUNCTION storage.can_insert_object(bucketid text, name text, owner uuid, metadata jsonb) OWNER TO supabase_storage_admin;

--
-- Name: extension(text); Type: FUNCTION; Schema: storage; Owner: supabase_storage_admin
--

CREATE FUNCTION storage.extension(name text) RETURNS text
    LANGUAGE plpgsql
    AS $$
DECLARE
_parts text[];
_filename text;
BEGIN
	select string_to_array(name, '/') into _parts;
	select _parts[array_length(_parts,1)] into _filename;
	-- @todo return the last part instead of 2
	return reverse(split_part(reverse(_filename), '.', 1));
END
$$;


ALTER FUNCTION storage.extension(name text) OWNER TO supabase_storage_admin;

--
-- Name: filename(text); Type: FUNCTION; Schema: storage; Owner: supabase_storage_admin
--

CREATE FUNCTION storage.filename(name text) RETURNS text
    LANGUAGE plpgsql
    AS $$
DECLARE
_parts text[];
BEGIN
	select string_to_array(name, '/') into _parts;
	return _parts[array_length(_parts,1)];
END
$$;


ALTER FUNCTION storage.filename(name text) OWNER TO supabase_storage_admin;

--
-- Name: foldername(text); Type: FUNCTION; Schema: storage; Owner: supabase_storage_admin
--

CREATE FUNCTION storage.foldername(name text) RETURNS text[]
    LANGUAGE plpgsql
    AS $$
DECLARE
_parts text[];
BEGIN
	select string_to_array(name, '/') into _parts;
	return _parts[1:array_length(_parts,1)-1];
END
$$;


ALTER FUNCTION storage.foldername(name text) OWNER TO supabase_storage_admin;

--
-- Name: get_size_by_bucket(); Type: FUNCTION; Schema: storage; Owner: supabase_storage_admin
--

CREATE FUNCTION storage.get_size_by_bucket() RETURNS TABLE(size bigint, bucket_id text)
    LANGUAGE plpgsql
    AS $$
BEGIN
    return query
        select sum((metadata->>'size')::int) as size, obj.bucket_id
        from "storage".objects as obj
        group by obj.bucket_id;
END
$$;


ALTER FUNCTION storage.get_size_by_bucket() OWNER TO supabase_storage_admin;

--
-- Name: list_multipart_uploads_with_delimiter(text, text, text, integer, text, text); Type: FUNCTION; Schema: storage; Owner: supabase_storage_admin
--

CREATE FUNCTION storage.list_multipart_uploads_with_delimiter(bucket_id text, prefix_param text, delimiter_param text, max_keys integer DEFAULT 100, next_key_token text DEFAULT ''::text, next_upload_token text DEFAULT ''::text) RETURNS TABLE(key text, id text, created_at timestamp with time zone)
    LANGUAGE plpgsql
    AS $_$
BEGIN
    RETURN QUERY EXECUTE
        'SELECT DISTINCT ON(key COLLATE "C") * from (
            SELECT
                CASE
                    WHEN position($2 IN substring(key from length($1) + 1)) > 0 THEN
                        substring(key from 1 for length($1) + position($2 IN substring(key from length($1) + 1)))
                    ELSE
                        key
                END AS key, id, created_at
            FROM
                storage.s3_multipart_uploads
            WHERE
                bucket_id = $5 AND
                key ILIKE $1 || ''%'' AND
                CASE
                    WHEN $4 != '''' AND $6 = '''' THEN
                        CASE
                            WHEN position($2 IN substring(key from length($1) + 1)) > 0 THEN
                                substring(key from 1 for length($1) + position($2 IN substring(key from length($1) + 1))) COLLATE "C" > $4
                            ELSE
                                key COLLATE "C" > $4
                            END
                    ELSE
                        true
                END AND
                CASE
                    WHEN $6 != '''' THEN
                        id COLLATE "C" > $6
                    ELSE
                        true
                    END
            ORDER BY
                key COLLATE "C" ASC, created_at ASC) as e order by key COLLATE "C" LIMIT $3'
        USING prefix_param, delimiter_param, max_keys, next_key_token, bucket_id, next_upload_token;
END;
$_$;


ALTER FUNCTION storage.list_multipart_uploads_with_delimiter(bucket_id text, prefix_param text, delimiter_param text, max_keys integer, next_key_token text, next_upload_token text) OWNER TO supabase_storage_admin;

--
-- Name: list_objects_with_delimiter(text, text, text, integer, text, text); Type: FUNCTION; Schema: storage; Owner: supabase_storage_admin
--

CREATE FUNCTION storage.list_objects_with_delimiter(bucket_id text, prefix_param text, delimiter_param text, max_keys integer DEFAULT 100, start_after text DEFAULT ''::text, next_token text DEFAULT ''::text) RETURNS TABLE(name text, id uuid, metadata jsonb, updated_at timestamp with time zone)
    LANGUAGE plpgsql
    AS $_$
BEGIN
    RETURN QUERY EXECUTE
        'SELECT DISTINCT ON(name COLLATE "C") * from (
            SELECT
                CASE
                    WHEN position($2 IN substring(name from length($1) + 1)) > 0 THEN
                        substring(name from 1 for length($1) + position($2 IN substring(name from length($1) + 1)))
                    ELSE
                        name
                END AS name, id, metadata, updated_at
            FROM
                storage.objects
            WHERE
                bucket_id = $5 AND
                name ILIKE $1 || ''%'' AND
                CASE
                    WHEN $6 != '''' THEN
                    name COLLATE "C" > $6
                ELSE true END
                AND CASE
                    WHEN $4 != '''' THEN
                        CASE
                            WHEN position($2 IN substring(name from length($1) + 1)) > 0 THEN
                                substring(name from 1 for length($1) + position($2 IN substring(name from length($1) + 1))) COLLATE "C" > $4
                            ELSE
                                name COLLATE "C" > $4
                            END
                    ELSE
                        true
                END
            ORDER BY
                name COLLATE "C" ASC) as e order by name COLLATE "C" LIMIT $3'
        USING prefix_param, delimiter_param, max_keys, next_token, bucket_id, start_after;
END;
$_$;


ALTER FUNCTION storage.list_objects_with_delimiter(bucket_id text, prefix_param text, delimiter_param text, max_keys integer, start_after text, next_token text) OWNER TO supabase_storage_admin;

--
-- Name: operation(); Type: FUNCTION; Schema: storage; Owner: supabase_storage_admin
--

CREATE FUNCTION storage.operation() RETURNS text
    LANGUAGE plpgsql STABLE
    AS $$
BEGIN
    RETURN current_setting('storage.operation', true);
END;
$$;


ALTER FUNCTION storage.operation() OWNER TO supabase_storage_admin;

--
-- Name: search(text, text, integer, integer, integer, text, text, text); Type: FUNCTION; Schema: storage; Owner: supabase_storage_admin
--

CREATE FUNCTION storage.search(prefix text, bucketname text, limits integer DEFAULT 100, levels integer DEFAULT 1, offsets integer DEFAULT 0, search text DEFAULT ''::text, sortcolumn text DEFAULT 'name'::text, sortorder text DEFAULT 'asc'::text) RETURNS TABLE(name text, id uuid, updated_at timestamp with time zone, created_at timestamp with time zone, last_accessed_at timestamp with time zone, metadata jsonb)
    LANGUAGE plpgsql STABLE
    AS $_$
declare
  v_order_by text;
  v_sort_order text;
begin
  case
    when sortcolumn = 'name' then
      v_order_by = 'name';
    when sortcolumn = 'updated_at' then
      v_order_by = 'updated_at';
    when sortcolumn = 'created_at' then
      v_order_by = 'created_at';
    when sortcolumn = 'last_accessed_at' then
      v_order_by = 'last_accessed_at';
    else
      v_order_by = 'name';
  end case;

  case
    when sortorder = 'asc' then
      v_sort_order = 'asc';
    when sortorder = 'desc' then
      v_sort_order = 'desc';
    else
      v_sort_order = 'asc';
  end case;

  v_order_by = v_order_by || ' ' || v_sort_order;

  return query execute
    'with folders as (
       select path_tokens[$1] as folder
       from storage.objects
         where objects.name ilike $2 || $3 || ''%''
           and bucket_id = $4
           and array_length(objects.path_tokens, 1) <> $1
       group by folder
       order by folder ' || v_sort_order || '
     )
     (select folder as "name",
            null as id,
            null as updated_at,
            null as created_at,
            null as last_accessed_at,
            null as metadata from folders)
     union all
     (select path_tokens[$1] as "name",
            id,
            updated_at,
            created_at,
            last_accessed_at,
            metadata
     from storage.objects
     where objects.name ilike $2 || $3 || ''%''
       and bucket_id = $4
       and array_length(objects.path_tokens, 1) = $1
     order by ' || v_order_by || ')
     limit $5
     offset $6' using levels, prefix, search, bucketname, limits, offsets;
end;
$_$;


ALTER FUNCTION storage.search(prefix text, bucketname text, limits integer, levels integer, offsets integer, search text, sortcolumn text, sortorder text) OWNER TO supabase_storage_admin;

--
-- Name: update_updated_at_column(); Type: FUNCTION; Schema: storage; Owner: supabase_storage_admin
--

CREATE FUNCTION storage.update_updated_at_column() RETURNS trigger
    LANGUAGE plpgsql
    AS $$
BEGIN
    NEW.updated_at = now();
    RETURN NEW; 
END;
$$;


ALTER FUNCTION storage.update_updated_at_column() OWNER TO supabase_storage_admin;

SET default_tablespace = '';

SET default_table_access_method = heap;

--
-- Name: audit_log_entries; Type: TABLE; Schema: auth; Owner: supabase_auth_admin
--

CREATE TABLE auth.audit_log_entries (
    instance_id uuid,
    id uuid NOT NULL,
    payload json,
    created_at timestamp with time zone,
    ip_address character varying(64) DEFAULT ''::character varying NOT NULL
);


ALTER TABLE auth.audit_log_entries OWNER TO supabase_auth_admin;

--
-- Name: TABLE audit_log_entries; Type: COMMENT; Schema: auth; Owner: supabase_auth_admin
--

COMMENT ON TABLE auth.audit_log_entries IS 'Auth: Audit trail for user actions.';


--
-- Name: flow_state; Type: TABLE; Schema: auth; Owner: supabase_auth_admin
--

CREATE TABLE auth.flow_state (
    id uuid NOT NULL,
    user_id uuid,
    auth_code text NOT NULL,
    code_challenge_method auth.code_challenge_method NOT NULL,
    code_challenge text NOT NULL,
    provider_type text NOT NULL,
    provider_access_token text,
    provider_refresh_token text,
    created_at timestamp with time zone,
    updated_at timestamp with time zone,
    authentication_method text NOT NULL,
    auth_code_issued_at timestamp with time zone
);


ALTER TABLE auth.flow_state OWNER TO supabase_auth_admin;

--
-- Name: TABLE flow_state; Type: COMMENT; Schema: auth; Owner: supabase_auth_admin
--

COMMENT ON TABLE auth.flow_state IS 'stores metadata for pkce logins';


--
-- Name: identities; Type: TABLE; Schema: auth; Owner: supabase_auth_admin
--

CREATE TABLE auth.identities (
    provider_id text NOT NULL,
    user_id uuid NOT NULL,
    identity_data jsonb NOT NULL,
    provider text NOT NULL,
    last_sign_in_at timestamp with time zone,
    created_at timestamp with time zone,
    updated_at timestamp with time zone,
    email text GENERATED ALWAYS AS (lower((identity_data ->> 'email'::text))) STORED,
    id uuid DEFAULT gen_random_uuid() NOT NULL
);


ALTER TABLE auth.identities OWNER TO supabase_auth_admin;

--
-- Name: TABLE identities; Type: COMMENT; Schema: auth; Owner: supabase_auth_admin
--

COMMENT ON TABLE auth.identities IS 'Auth: Stores identities associated to a user.';


--
-- Name: COLUMN identities.email; Type: COMMENT; Schema: auth; Owner: supabase_auth_admin
--

COMMENT ON COLUMN auth.identities.email IS 'Auth: Email is a generated column that references the optional email property in the identity_data';


--
-- Name: instances; Type: TABLE; Schema: auth; Owner: supabase_auth_admin
--

CREATE TABLE auth.instances (
    id uuid NOT NULL,
    uuid uuid,
    raw_base_config text,
    created_at timestamp with time zone,
    updated_at timestamp with time zone
);


ALTER TABLE auth.instances OWNER TO supabase_auth_admin;

--
-- Name: TABLE instances; Type: COMMENT; Schema: auth; Owner: supabase_auth_admin
--

COMMENT ON TABLE auth.instances IS 'Auth: Manages users across multiple sites.';


--
-- Name: mfa_amr_claims; Type: TABLE; Schema: auth; Owner: supabase_auth_admin
--

CREATE TABLE auth.mfa_amr_claims (
    session_id uuid NOT NULL,
    created_at timestamp with time zone NOT NULL,
    updated_at timestamp with time zone NOT NULL,
    authentication_method text NOT NULL,
    id uuid NOT NULL
);


ALTER TABLE auth.mfa_amr_claims OWNER TO supabase_auth_admin;

--
-- Name: TABLE mfa_amr_claims; Type: COMMENT; Schema: auth; Owner: supabase_auth_admin
--

COMMENT ON TABLE auth.mfa_amr_claims IS 'auth: stores authenticator method reference claims for multi factor authentication';


--
-- Name: mfa_challenges; Type: TABLE; Schema: auth; Owner: supabase_auth_admin
--

CREATE TABLE auth.mfa_challenges (
    id uuid NOT NULL,
    factor_id uuid NOT NULL,
    created_at timestamp with time zone NOT NULL,
    verified_at timestamp with time zone,
    ip_address inet NOT NULL,
    otp_code text,
    web_authn_session_data jsonb
);


ALTER TABLE auth.mfa_challenges OWNER TO supabase_auth_admin;

--
-- Name: TABLE mfa_challenges; Type: COMMENT; Schema: auth; Owner: supabase_auth_admin
--

COMMENT ON TABLE auth.mfa_challenges IS 'auth: stores metadata about challenge requests made';


--
-- Name: mfa_factors; Type: TABLE; Schema: auth; Owner: supabase_auth_admin
--

CREATE TABLE auth.mfa_factors (
    id uuid NOT NULL,
    user_id uuid NOT NULL,
    friendly_name text,
    factor_type auth.factor_type NOT NULL,
    status auth.factor_status NOT NULL,
    created_at timestamp with time zone NOT NULL,
    updated_at timestamp with time zone NOT NULL,
    secret text,
    phone text,
    last_challenged_at timestamp with time zone,
    web_authn_credential jsonb,
    web_authn_aaguid uuid
);


ALTER TABLE auth.mfa_factors OWNER TO supabase_auth_admin;

--
-- Name: TABLE mfa_factors; Type: COMMENT; Schema: auth; Owner: supabase_auth_admin
--

COMMENT ON TABLE auth.mfa_factors IS 'auth: stores metadata about factors';


--
-- Name: one_time_tokens; Type: TABLE; Schema: auth; Owner: supabase_auth_admin
--

CREATE TABLE auth.one_time_tokens (
    id uuid NOT NULL,
    user_id uuid NOT NULL,
    token_type auth.one_time_token_type NOT NULL,
    token_hash text NOT NULL,
    relates_to text NOT NULL,
    created_at timestamp without time zone DEFAULT now() NOT NULL,
    updated_at timestamp without time zone DEFAULT now() NOT NULL,
    CONSTRAINT one_time_tokens_token_hash_check CHECK ((char_length(token_hash) > 0))
);


ALTER TABLE auth.one_time_tokens OWNER TO supabase_auth_admin;

--
-- Name: refresh_tokens; Type: TABLE; Schema: auth; Owner: supabase_auth_admin
--

CREATE TABLE auth.refresh_tokens (
    instance_id uuid,
    id bigint NOT NULL,
    token character varying(255),
    user_id character varying(255),
    revoked boolean,
    created_at timestamp with time zone,
    updated_at timestamp with time zone,
    parent character varying(255),
    session_id uuid
);


ALTER TABLE auth.refresh_tokens OWNER TO supabase_auth_admin;

--
-- Name: TABLE refresh_tokens; Type: COMMENT; Schema: auth; Owner: supabase_auth_admin
--

COMMENT ON TABLE auth.refresh_tokens IS 'Auth: Store of tokens used to refresh JWT tokens once they expire.';


--
-- Name: refresh_tokens_id_seq; Type: SEQUENCE; Schema: auth; Owner: supabase_auth_admin
--

CREATE SEQUENCE auth.refresh_tokens_id_seq
    START WITH 1
    INCREMENT BY 1
    NO MINVALUE
    NO MAXVALUE
    CACHE 1;


ALTER TABLE auth.refresh_tokens_id_seq OWNER TO supabase_auth_admin;

--
-- Name: refresh_tokens_id_seq; Type: SEQUENCE OWNED BY; Schema: auth; Owner: supabase_auth_admin
--

ALTER SEQUENCE auth.refresh_tokens_id_seq OWNED BY auth.refresh_tokens.id;


--
-- Name: saml_providers; Type: TABLE; Schema: auth; Owner: supabase_auth_admin
--

CREATE TABLE auth.saml_providers (
    id uuid NOT NULL,
    sso_provider_id uuid NOT NULL,
    entity_id text NOT NULL,
    metadata_xml text NOT NULL,
    metadata_url text,
    attribute_mapping jsonb,
    created_at timestamp with time zone,
    updated_at timestamp with time zone,
    name_id_format text,
    CONSTRAINT "entity_id not empty" CHECK ((char_length(entity_id) > 0)),
    CONSTRAINT "metadata_url not empty" CHECK (((metadata_url = NULL::text) OR (char_length(metadata_url) > 0))),
    CONSTRAINT "metadata_xml not empty" CHECK ((char_length(metadata_xml) > 0))
);


ALTER TABLE auth.saml_providers OWNER TO supabase_auth_admin;

--
-- Name: TABLE saml_providers; Type: COMMENT; Schema: auth; Owner: supabase_auth_admin
--

COMMENT ON TABLE auth.saml_providers IS 'Auth: Manages SAML Identity Provider connections.';


--
-- Name: saml_relay_states; Type: TABLE; Schema: auth; Owner: supabase_auth_admin
--

CREATE TABLE auth.saml_relay_states (
    id uuid NOT NULL,
    sso_provider_id uuid NOT NULL,
    request_id text NOT NULL,
    for_email text,
    redirect_to text,
    created_at timestamp with time zone,
    updated_at timestamp with time zone,
    flow_state_id uuid,
    CONSTRAINT "request_id not empty" CHECK ((char_length(request_id) > 0))
);


ALTER TABLE auth.saml_relay_states OWNER TO supabase_auth_admin;

--
-- Name: TABLE saml_relay_states; Type: COMMENT; Schema: auth; Owner: supabase_auth_admin
--

COMMENT ON TABLE auth.saml_relay_states IS 'Auth: Contains SAML Relay State information for each Service Provider initiated login.';


--
-- Name: schema_migrations; Type: TABLE; Schema: auth; Owner: supabase_auth_admin
--

CREATE TABLE auth.schema_migrations (
    version character varying(255) NOT NULL
);


ALTER TABLE auth.schema_migrations OWNER TO supabase_auth_admin;

--
-- Name: TABLE schema_migrations; Type: COMMENT; Schema: auth; Owner: supabase_auth_admin
--

COMMENT ON TABLE auth.schema_migrations IS 'Auth: Manages updates to the auth system.';


--
-- Name: sessions; Type: TABLE; Schema: auth; Owner: supabase_auth_admin
--

CREATE TABLE auth.sessions (
    id uuid NOT NULL,
    user_id uuid NOT NULL,
    created_at timestamp with time zone,
    updated_at timestamp with time zone,
    factor_id uuid,
    aal auth.aal_level,
    not_after timestamp with time zone,
    refreshed_at timestamp without time zone,
    user_agent text,
    ip inet,
    tag text
);


ALTER TABLE auth.sessions OWNER TO supabase_auth_admin;

--
-- Name: TABLE sessions; Type: COMMENT; Schema: auth; Owner: supabase_auth_admin
--

COMMENT ON TABLE auth.sessions IS 'Auth: Stores session data associated to a user.';


--
-- Name: COLUMN sessions.not_after; Type: COMMENT; Schema: auth; Owner: supabase_auth_admin
--

COMMENT ON COLUMN auth.sessions.not_after IS 'Auth: Not after is a nullable column that contains a timestamp after which the session should be regarded as expired.';


--
-- Name: sso_domains; Type: TABLE; Schema: auth; Owner: supabase_auth_admin
--

CREATE TABLE auth.sso_domains (
    id uuid NOT NULL,
    sso_provider_id uuid NOT NULL,
    domain text NOT NULL,
    created_at timestamp with time zone,
    updated_at timestamp with time zone,
    CONSTRAINT "domain not empty" CHECK ((char_length(domain) > 0))
);


ALTER TABLE auth.sso_domains OWNER TO supabase_auth_admin;

--
-- Name: TABLE sso_domains; Type: COMMENT; Schema: auth; Owner: supabase_auth_admin
--

COMMENT ON TABLE auth.sso_domains IS 'Auth: Manages SSO email address domain mapping to an SSO Identity Provider.';


--
-- Name: sso_providers; Type: TABLE; Schema: auth; Owner: supabase_auth_admin
--

CREATE TABLE auth.sso_providers (
    id uuid NOT NULL,
    resource_id text,
    created_at timestamp with time zone,
    updated_at timestamp with time zone,
    CONSTRAINT "resource_id not empty" CHECK (((resource_id = NULL::text) OR (char_length(resource_id) > 0)))
);


ALTER TABLE auth.sso_providers OWNER TO supabase_auth_admin;

--
-- Name: TABLE sso_providers; Type: COMMENT; Schema: auth; Owner: supabase_auth_admin
--

COMMENT ON TABLE auth.sso_providers IS 'Auth: Manages SSO identity provider information; see saml_providers for SAML.';


--
-- Name: COLUMN sso_providers.resource_id; Type: COMMENT; Schema: auth; Owner: supabase_auth_admin
--

COMMENT ON COLUMN auth.sso_providers.resource_id IS 'Auth: Uniquely identifies a SSO provider according to a user-chosen resource ID (case insensitive), useful in infrastructure as code.';


--
-- Name: users; Type: TABLE; Schema: auth; Owner: supabase_auth_admin
--

CREATE TABLE auth.users (
    instance_id uuid,
    id uuid NOT NULL,
    aud character varying(255),
    role character varying(255),
    email character varying(255),
    encrypted_password character varying(255),
    email_confirmed_at timestamp with time zone,
    invited_at timestamp with time zone,
    confirmation_token character varying(255),
    confirmation_sent_at timestamp with time zone,
    recovery_token character varying(255),
    recovery_sent_at timestamp with time zone,
    email_change_token_new character varying(255),
    email_change character varying(255),
    email_change_sent_at timestamp with time zone,
    last_sign_in_at timestamp with time zone,
    raw_app_meta_data jsonb,
    raw_user_meta_data jsonb,
    is_super_admin boolean,
    created_at timestamp with time zone,
    updated_at timestamp with time zone,
    phone text DEFAULT NULL::character varying,
    phone_confirmed_at timestamp with time zone,
    phone_change text DEFAULT ''::character varying,
    phone_change_token character varying(255) DEFAULT ''::character varying,
    phone_change_sent_at timestamp with time zone,
    confirmed_at timestamp with time zone GENERATED ALWAYS AS (LEAST(email_confirmed_at, phone_confirmed_at)) STORED,
    email_change_token_current character varying(255) DEFAULT ''::character varying,
    email_change_confirm_status smallint DEFAULT 0,
    banned_until timestamp with time zone,
    reauthentication_token character varying(255) DEFAULT ''::character varying,
    reauthentication_sent_at timestamp with time zone,
    is_sso_user boolean DEFAULT false NOT NULL,
    deleted_at timestamp with time zone,
    is_anonymous boolean DEFAULT false NOT NULL,
    CONSTRAINT users_email_change_confirm_status_check CHECK (((email_change_confirm_status >= 0) AND (email_change_confirm_status <= 2)))
);


ALTER TABLE auth.users OWNER TO supabase_auth_admin;

--
-- Name: TABLE users; Type: COMMENT; Schema: auth; Owner: supabase_auth_admin
--

COMMENT ON TABLE auth.users IS 'Auth: Stores user login data within a secure schema.';


--
-- Name: COLUMN users.is_sso_user; Type: COMMENT; Schema: auth; Owner: supabase_auth_admin
--

COMMENT ON COLUMN auth.users.is_sso_user IS 'Auth: Set this column to true when the account comes from SSO. These accounts can have duplicate emails.';


--
-- Name: duaas; Type: TABLE; Schema: public; Owner: postgres
--

CREATE TABLE public.duaas (
    id uuid DEFAULT gen_random_uuid() NOT NULL,
    person_id uuid,
    text text NOT NULL,
    is_done boolean DEFAULT false,
    created_at timestamp with time zone DEFAULT now()
);


ALTER TABLE public.duaas OWNER TO postgres;

--
-- Name: duaas_a; Type: TABLE; Schema: public; Owner: postgres
--

CREATE TABLE public.duaas_a (
    id uuid DEFAULT gen_random_uuid() NOT NULL,
    person_id uuid,
    text text NOT NULL,
    is_done boolean DEFAULT false,
    created_at timestamp with time zone DEFAULT now()
);


ALTER TABLE public.duaas_a OWNER TO postgres;

--
-- Name: people; Type: TABLE; Schema: public; Owner: postgres
--

CREATE TABLE public.people (
    id uuid DEFAULT gen_random_uuid() NOT NULL,
    name text NOT NULL,
    created_at timestamp with time zone DEFAULT now(),
    user_id uuid,
    user_email text
);


ALTER TABLE public.people OWNER TO postgres;

--
-- Name: people_a; Type: TABLE; Schema: public; Owner: postgres
--

CREATE TABLE public.people_a (
    id uuid DEFAULT gen_random_uuid() NOT NULL,
    name text NOT NULL,
    created_at timestamp with time zone DEFAULT now(),
    user_id uuid,
    user_email text
);


ALTER TABLE public.people_a OWNER TO postgres;

--
-- Name: messages; Type: TABLE; Schema: realtime; Owner: supabase_realtime_admin
--

CREATE TABLE realtime.messages (
    topic text NOT NULL,
    extension text NOT NULL,
    payload jsonb,
    event text,
    private boolean DEFAULT false,
    updated_at timestamp without time zone DEFAULT now() NOT NULL,
    inserted_at timestamp without time zone DEFAULT now() NOT NULL,
    id uuid DEFAULT gen_random_uuid() NOT NULL
)
PARTITION BY RANGE (inserted_at);


ALTER TABLE realtime.messages OWNER TO supabase_realtime_admin;

--
-- Name: messages_2025_05_15; Type: TABLE; Schema: realtime; Owner: supabase_admin
--

CREATE TABLE realtime.messages_2025_05_15 (
    topic text NOT NULL,
    extension text NOT NULL,
    payload jsonb,
    event text,
    private boolean DEFAULT false,
    updated_at timestamp without time zone DEFAULT now() NOT NULL,
    inserted_at timestamp without time zone DEFAULT now() NOT NULL,
    id uuid DEFAULT gen_random_uuid() NOT NULL
);


ALTER TABLE realtime.messages_2025_05_15 OWNER TO supabase_admin;

--
-- Name: messages_2025_05_16; Type: TABLE; Schema: realtime; Owner: supabase_admin
--

CREATE TABLE realtime.messages_2025_05_16 (
    topic text NOT NULL,
    extension text NOT NULL,
    payload jsonb,
    event text,
    private boolean DEFAULT false,
    updated_at timestamp without time zone DEFAULT now() NOT NULL,
    inserted_at timestamp without time zone DEFAULT now() NOT NULL,
    id uuid DEFAULT gen_random_uuid() NOT NULL
);


ALTER TABLE realtime.messages_2025_05_16 OWNER TO supabase_admin;

--
-- Name: messages_2025_05_17; Type: TABLE; Schema: realtime; Owner: supabase_admin
--

CREATE TABLE realtime.messages_2025_05_17 (
    topic text NOT NULL,
    extension text NOT NULL,
    payload jsonb,
    event text,
    private boolean DEFAULT false,
    updated_at timestamp without time zone DEFAULT now() NOT NULL,
    inserted_at timestamp without time zone DEFAULT now() NOT NULL,
    id uuid DEFAULT gen_random_uuid() NOT NULL
);


ALTER TABLE realtime.messages_2025_05_17 OWNER TO supabase_admin;

--
-- Name: messages_2025_05_18; Type: TABLE; Schema: realtime; Owner: supabase_admin
--

CREATE TABLE realtime.messages_2025_05_18 (
    topic text NOT NULL,
    extension text NOT NULL,
    payload jsonb,
    event text,
    private boolean DEFAULT false,
    updated_at timestamp without time zone DEFAULT now() NOT NULL,
    inserted_at timestamp without time zone DEFAULT now() NOT NULL,
    id uuid DEFAULT gen_random_uuid() NOT NULL
);


ALTER TABLE realtime.messages_2025_05_18 OWNER TO supabase_admin;

--
-- Name: messages_2025_05_19; Type: TABLE; Schema: realtime; Owner: supabase_admin
--

CREATE TABLE realtime.messages_2025_05_19 (
    topic text NOT NULL,
    extension text NOT NULL,
    payload jsonb,
    event text,
    private boolean DEFAULT false,
    updated_at timestamp without time zone DEFAULT now() NOT NULL,
    inserted_at timestamp without time zone DEFAULT now() NOT NULL,
    id uuid DEFAULT gen_random_uuid() NOT NULL
);


ALTER TABLE realtime.messages_2025_05_19 OWNER TO supabase_admin;

--
-- Name: schema_migrations; Type: TABLE; Schema: realtime; Owner: supabase_admin
--

CREATE TABLE realtime.schema_migrations (
    version bigint NOT NULL,
    inserted_at timestamp(0) without time zone
);


ALTER TABLE realtime.schema_migrations OWNER TO supabase_admin;

--
-- Name: subscription; Type: TABLE; Schema: realtime; Owner: supabase_admin
--

CREATE TABLE realtime.subscription (
    id bigint NOT NULL,
    subscription_id uuid NOT NULL,
    entity regclass NOT NULL,
    filters realtime.user_defined_filter[] DEFAULT '{}'::realtime.user_defined_filter[] NOT NULL,
    claims jsonb NOT NULL,
    claims_role regrole GENERATED ALWAYS AS (realtime.to_regrole((claims ->> 'role'::text))) STORED NOT NULL,
    created_at timestamp without time zone DEFAULT timezone('utc'::text, now()) NOT NULL
);


ALTER TABLE realtime.subscription OWNER TO supabase_admin;

--
-- Name: subscription_id_seq; Type: SEQUENCE; Schema: realtime; Owner: supabase_admin
--

ALTER TABLE realtime.subscription ALTER COLUMN id ADD GENERATED ALWAYS AS IDENTITY (
    SEQUENCE NAME realtime.subscription_id_seq
    START WITH 1
    INCREMENT BY 1
    NO MINVALUE
    NO MAXVALUE
    CACHE 1
);


--
-- Name: buckets; Type: TABLE; Schema: storage; Owner: supabase_storage_admin
--

CREATE TABLE storage.buckets (
    id text NOT NULL,
    name text NOT NULL,
    owner uuid,
    created_at timestamp with time zone DEFAULT now(),
    updated_at timestamp with time zone DEFAULT now(),
    public boolean DEFAULT false,
    avif_autodetection boolean DEFAULT false,
    file_size_limit bigint,
    allowed_mime_types text[],
    owner_id text
);


ALTER TABLE storage.buckets OWNER TO supabase_storage_admin;

--
-- Name: COLUMN buckets.owner; Type: COMMENT; Schema: storage; Owner: supabase_storage_admin
--

COMMENT ON COLUMN storage.buckets.owner IS 'Field is deprecated, use owner_id instead';


--
-- Name: migrations; Type: TABLE; Schema: storage; Owner: supabase_storage_admin
--

CREATE TABLE storage.migrations (
    id integer NOT NULL,
    name character varying(100) NOT NULL,
    hash character varying(40) NOT NULL,
    executed_at timestamp without time zone DEFAULT CURRENT_TIMESTAMP
);


ALTER TABLE storage.migrations OWNER TO supabase_storage_admin;

--
-- Name: objects; Type: TABLE; Schema: storage; Owner: supabase_storage_admin
--

CREATE TABLE storage.objects (
    id uuid DEFAULT gen_random_uuid() NOT NULL,
    bucket_id text,
    name text,
    owner uuid,
    created_at timestamp with time zone DEFAULT now(),
    updated_at timestamp with time zone DEFAULT now(),
    last_accessed_at timestamp with time zone DEFAULT now(),
    metadata jsonb,
    path_tokens text[] GENERATED ALWAYS AS (string_to_array(name, '/'::text)) STORED,
    version text,
    owner_id text,
    user_metadata jsonb
);


ALTER TABLE storage.objects OWNER TO supabase_storage_admin;

--
-- Name: COLUMN objects.owner; Type: COMMENT; Schema: storage; Owner: supabase_storage_admin
--

COMMENT ON COLUMN storage.objects.owner IS 'Field is deprecated, use owner_id instead';


--
-- Name: s3_multipart_uploads; Type: TABLE; Schema: storage; Owner: supabase_storage_admin
--

CREATE TABLE storage.s3_multipart_uploads (
    id text NOT NULL,
    in_progress_size bigint DEFAULT 0 NOT NULL,
    upload_signature text NOT NULL,
    bucket_id text NOT NULL,
    key text NOT NULL COLLATE pg_catalog."C",
    version text NOT NULL,
    owner_id text,
    created_at timestamp with time zone DEFAULT now() NOT NULL,
    user_metadata jsonb
);


ALTER TABLE storage.s3_multipart_uploads OWNER TO supabase_storage_admin;

--
-- Name: s3_multipart_uploads_parts; Type: TABLE; Schema: storage; Owner: supabase_storage_admin
--

CREATE TABLE storage.s3_multipart_uploads_parts (
    id uuid DEFAULT gen_random_uuid() NOT NULL,
    upload_id text NOT NULL,
    size bigint DEFAULT 0 NOT NULL,
    part_number integer NOT NULL,
    bucket_id text NOT NULL,
    key text NOT NULL COLLATE pg_catalog."C",
    etag text NOT NULL,
    owner_id text,
    version text NOT NULL,
    created_at timestamp with time zone DEFAULT now() NOT NULL
);


ALTER TABLE storage.s3_multipart_uploads_parts OWNER TO supabase_storage_admin;

--
-- Name: schema_migrations; Type: TABLE; Schema: supabase_migrations; Owner: postgres
--

CREATE TABLE supabase_migrations.schema_migrations (
    version text NOT NULL,
    statements text[],
    name text
);


ALTER TABLE supabase_migrations.schema_migrations OWNER TO postgres;

--
-- Name: messages_2025_05_15; Type: TABLE ATTACH; Schema: realtime; Owner: supabase_admin
--

ALTER TABLE ONLY realtime.messages ATTACH PARTITION realtime.messages_2025_05_15 FOR VALUES FROM ('2025-05-15 00:00:00') TO ('2025-05-16 00:00:00');


--
-- Name: messages_2025_05_16; Type: TABLE ATTACH; Schema: realtime; Owner: supabase_admin
--

ALTER TABLE ONLY realtime.messages ATTACH PARTITION realtime.messages_2025_05_16 FOR VALUES FROM ('2025-05-16 00:00:00') TO ('2025-05-17 00:00:00');


--
-- Name: messages_2025_05_17; Type: TABLE ATTACH; Schema: realtime; Owner: supabase_admin
--

ALTER TABLE ONLY realtime.messages ATTACH PARTITION realtime.messages_2025_05_17 FOR VALUES FROM ('2025-05-17 00:00:00') TO ('2025-05-18 00:00:00');


--
-- Name: messages_2025_05_18; Type: TABLE ATTACH; Schema: realtime; Owner: supabase_admin
--

ALTER TABLE ONLY realtime.messages ATTACH PARTITION realtime.messages_2025_05_18 FOR VALUES FROM ('2025-05-18 00:00:00') TO ('2025-05-19 00:00:00');


--
-- Name: messages_2025_05_19; Type: TABLE ATTACH; Schema: realtime; Owner: supabase_admin
--

ALTER TABLE ONLY realtime.messages ATTACH PARTITION realtime.messages_2025_05_19 FOR VALUES FROM ('2025-05-19 00:00:00') TO ('2025-05-20 00:00:00');


--
-- Name: refresh_tokens id; Type: DEFAULT; Schema: auth; Owner: supabase_auth_admin
--

ALTER TABLE ONLY auth.refresh_tokens ALTER COLUMN id SET DEFAULT nextval('auth.refresh_tokens_id_seq'::regclass);


--
-- Data for Name: audit_log_entries; Type: TABLE DATA; Schema: auth; Owner: supabase_auth_admin
--

COPY auth.audit_log_entries (instance_id, id, payload, created_at, ip_address) FROM stdin;
00000000-0000-0000-0000-000000000000	de8e8805-42bc-46b1-839e-798e396988ed	{"action":"user_confirmation_requested","actor_id":"f2797350-c67d-462d-ac1b-83122d6dc56c","actor_username":"admin1@hajj.com","actor_via_sso":false,"log_type":"user","traits":{"provider":"email"}}	2025-05-17 14:46:42.582204+00	
00000000-0000-0000-0000-000000000000	6641424b-e4db-466e-b29b-01d996b35a62	{"action":"user_confirmation_requested","actor_id":"c78963b8-794a-4e4f-84b5-2b0ffe601862","actor_username":"heba96@yahoo.com","actor_via_sso":false,"log_type":"user","traits":{"provider":"email"}}	2025-05-17 14:54:34.287889+00	
00000000-0000-0000-0000-000000000000	48ca5092-d9aa-42ce-a934-bbae8cdc84b4	{"action":"user_signedup","actor_id":"c78963b8-794a-4e4f-84b5-2b0ffe601862","actor_username":"heba96@yahoo.com","actor_via_sso":false,"log_type":"team"}	2025-05-17 14:54:51.387809+00	
00000000-0000-0000-0000-000000000000	7bc2b226-de6d-40fb-8309-216c4193c116	{"action":"login","actor_id":"c78963b8-794a-4e4f-84b5-2b0ffe601862","actor_username":"heba96@yahoo.com","actor_via_sso":false,"log_type":"account","traits":{"provider":"email"}}	2025-05-17 14:56:16.064668+00	
00000000-0000-0000-0000-000000000000	79beab1d-3fe5-4b0a-a2dd-653988b24842	{"action":"user_signedup","actor_id":"431a4bfb-5d06-42a7-b5e1-7cd38e619be2","actor_username":"admin2@hajj.com","actor_via_sso":false,"log_type":"team","traits":{"provider":"email"}}	2025-05-17 14:58:03.82472+00	
00000000-0000-0000-0000-000000000000	f5a29c10-7399-4a0d-843f-43027bfec6b4	{"action":"login","actor_id":"431a4bfb-5d06-42a7-b5e1-7cd38e619be2","actor_username":"admin2@hajj.com","actor_via_sso":false,"log_type":"account","traits":{"provider":"email"}}	2025-05-17 14:58:03.838955+00	
00000000-0000-0000-0000-000000000000	756b56a5-7cd0-443a-9938-09d719c847bb	{"action":"login","actor_id":"431a4bfb-5d06-42a7-b5e1-7cd38e619be2","actor_username":"admin2@hajj.com","actor_via_sso":false,"log_type":"account","traits":{"provider":"email"}}	2025-05-17 14:58:14.559873+00	
00000000-0000-0000-0000-000000000000	17c22053-67af-4917-a5e9-66d8909eb814	{"action":"logout","actor_id":"431a4bfb-5d06-42a7-b5e1-7cd38e619be2","actor_username":"admin2@hajj.com","actor_via_sso":false,"log_type":"account"}	2025-05-17 15:15:15.938132+00	
00000000-0000-0000-0000-000000000000	61703b4a-198a-4d42-aaae-0d36316f1185	{"action":"login","actor_id":"c78963b8-794a-4e4f-84b5-2b0ffe601862","actor_username":"heba96@yahoo.com","actor_via_sso":false,"log_type":"account","traits":{"provider":"email"}}	2025-05-17 15:15:20.69953+00	
00000000-0000-0000-0000-000000000000	9d8fa343-fce4-461b-92dd-786ef12c1950	{"action":"logout","actor_id":"c78963b8-794a-4e4f-84b5-2b0ffe601862","actor_username":"heba96@yahoo.com","actor_via_sso":false,"log_type":"account"}	2025-05-17 15:16:09.790513+00	
00000000-0000-0000-0000-000000000000	f8e33471-40d9-49e5-b7b4-0a46c0a6cd05	{"action":"login","actor_id":"431a4bfb-5d06-42a7-b5e1-7cd38e619be2","actor_username":"admin2@hajj.com","actor_via_sso":false,"log_type":"account","traits":{"provider":"email"}}	2025-05-17 15:16:13.910864+00	
00000000-0000-0000-0000-000000000000	ce6ee781-299c-4c46-9352-3950dcb1f16a	{"action":"logout","actor_id":"431a4bfb-5d06-42a7-b5e1-7cd38e619be2","actor_username":"admin2@hajj.com","actor_via_sso":false,"log_type":"account"}	2025-05-17 15:52:46.428302+00	
00000000-0000-0000-0000-000000000000	430502c7-a7a0-4de9-bf77-b2a028ccacc4	{"action":"login","actor_id":"c78963b8-794a-4e4f-84b5-2b0ffe601862","actor_username":"heba96@yahoo.com","actor_via_sso":false,"log_type":"account","traits":{"provider":"email"}}	2025-05-17 15:52:50.437164+00	
00000000-0000-0000-0000-000000000000	3b744891-a4e0-46cc-8622-88d8daf023a2	{"action":"logout","actor_id":"c78963b8-794a-4e4f-84b5-2b0ffe601862","actor_username":"heba96@yahoo.com","actor_via_sso":false,"log_type":"account"}	2025-05-17 15:53:18.778438+00	
00000000-0000-0000-0000-000000000000	ed069dad-b1db-4768-b9d6-6509f2b77e3f	{"action":"user_signedup","actor_id":"d6f6c2f6-d1f2-439c-98d0-bf4b4b96da99","actor_username":"haiam@man2ad.com","actor_via_sso":false,"log_type":"team","traits":{"provider":"email"}}	2025-05-17 15:53:36.900918+00	
00000000-0000-0000-0000-000000000000	08033b50-e416-4088-9249-32ace126fb15	{"action":"login","actor_id":"d6f6c2f6-d1f2-439c-98d0-bf4b4b96da99","actor_username":"haiam@man2ad.com","actor_via_sso":false,"log_type":"account","traits":{"provider":"email"}}	2025-05-17 15:53:36.905517+00	
00000000-0000-0000-0000-000000000000	a05f8def-6485-44a0-8b4b-c2b832551fdd	{"action":"login","actor_id":"d6f6c2f6-d1f2-439c-98d0-bf4b4b96da99","actor_username":"haiam@man2ad.com","actor_via_sso":false,"log_type":"account","traits":{"provider":"email"}}	2025-05-17 15:53:49.793013+00	
00000000-0000-0000-0000-000000000000	c41f7cf3-73cf-441d-a5f8-2ac1013f9e17	{"action":"logout","actor_id":"d6f6c2f6-d1f2-439c-98d0-bf4b4b96da99","actor_username":"haiam@man2ad.com","actor_via_sso":false,"log_type":"account"}	2025-05-17 15:53:52.483168+00	
00000000-0000-0000-0000-000000000000	76ac5e0a-b0f3-4c9f-aaaf-f24fca21a951	{"action":"login","actor_id":"431a4bfb-5d06-42a7-b5e1-7cd38e619be2","actor_username":"admin2@hajj.com","actor_via_sso":false,"log_type":"account","traits":{"provider":"email"}}	2025-05-17 15:54:15.120094+00	
00000000-0000-0000-0000-000000000000	3011a13c-2793-4901-b916-4aa36a2574ac	{"action":"logout","actor_id":"431a4bfb-5d06-42a7-b5e1-7cd38e619be2","actor_username":"admin2@hajj.com","actor_via_sso":false,"log_type":"account"}	2025-05-17 15:54:25.735752+00	
00000000-0000-0000-0000-000000000000	ca2bae77-ee1b-4909-ae94-5dd8a9cd9cba	{"action":"user_repeated_signup","actor_id":"d6f6c2f6-d1f2-439c-98d0-bf4b4b96da99","actor_username":"haiam@man2ad.com","actor_via_sso":false,"log_type":"user","traits":{"provider":"email"}}	2025-05-17 15:54:33.363265+00	
00000000-0000-0000-0000-000000000000	fc493817-04ab-4903-98c8-7a1d6711d9de	{"action":"login","actor_id":"d6f6c2f6-d1f2-439c-98d0-bf4b4b96da99","actor_username":"haiam@man2ad.com","actor_via_sso":false,"log_type":"account","traits":{"provider":"email"}}	2025-05-17 15:54:41.5071+00	
00000000-0000-0000-0000-000000000000	cbad2346-0834-42cc-99ae-0af70136f809	{"action":"logout","actor_id":"d6f6c2f6-d1f2-439c-98d0-bf4b4b96da99","actor_username":"haiam@man2ad.com","actor_via_sso":false,"log_type":"account"}	2025-05-17 15:54:55.925688+00	
00000000-0000-0000-0000-000000000000	b49b73bd-2537-4ca6-83ac-a23294ad0a96	{"action":"login","actor_id":"431a4bfb-5d06-42a7-b5e1-7cd38e619be2","actor_username":"admin2@hajj.com","actor_via_sso":false,"log_type":"account","traits":{"provider":"email"}}	2025-05-17 15:54:59.545469+00	
00000000-0000-0000-0000-000000000000	f29990f6-e96b-4311-b055-4c037b5ad90d	{"action":"user_deleted","actor_id":"00000000-0000-0000-0000-000000000000","actor_username":"service_role","actor_via_sso":false,"log_type":"team","traits":{"user_email":"admin1@hajj.com","user_id":"f2797350-c67d-462d-ac1b-83122d6dc56c","user_phone":""}}	2025-05-17 15:56:16.761299+00	
00000000-0000-0000-0000-000000000000	ed394d5f-7aa0-4469-8dcc-e47529965678	{"action":"logout","actor_id":"431a4bfb-5d06-42a7-b5e1-7cd38e619be2","actor_username":"admin2@hajj.com","actor_via_sso":false,"log_type":"account"}	2025-05-17 15:57:30.213864+00	
00000000-0000-0000-0000-000000000000	f1f17f63-bf6d-4cce-aa22-03e8024c1f64	{"action":"user_signedup","actor_id":"a7443871-e5b4-47a3-a72a-5cb3055091d5","actor_username":"hoba@hoba.com","actor_via_sso":false,"log_type":"team","traits":{"provider":"email"}}	2025-05-17 15:58:03.409351+00	
00000000-0000-0000-0000-000000000000	bf92d1e1-a5fa-4718-85e8-c911700babbb	{"action":"login","actor_id":"a7443871-e5b4-47a3-a72a-5cb3055091d5","actor_username":"hoba@hoba.com","actor_via_sso":false,"log_type":"account","traits":{"provider":"email"}}	2025-05-17 15:58:03.414819+00	
00000000-0000-0000-0000-000000000000	7f9a0154-0808-4092-b444-4fd87deb9914	{"action":"login","actor_id":"a7443871-e5b4-47a3-a72a-5cb3055091d5","actor_username":"hoba@hoba.com","actor_via_sso":false,"log_type":"account","traits":{"provider":"email"}}	2025-05-17 15:58:14.158179+00	
00000000-0000-0000-0000-000000000000	61b85cf5-3ce0-4fe5-be6d-6c373d17c4cc	{"action":"logout","actor_id":"a7443871-e5b4-47a3-a72a-5cb3055091d5","actor_username":"hoba@hoba.com","actor_via_sso":false,"log_type":"account"}	2025-05-17 16:01:04.335583+00	
00000000-0000-0000-0000-000000000000	98bfd3d6-5e84-4263-a787-a52e9130f14f	{"action":"user_signedup","actor_id":"67895186-b74a-445d-9e82-026d90e25b30","actor_username":"koko@kolo.com","actor_via_sso":false,"log_type":"team","traits":{"provider":"email"}}	2025-05-17 17:13:37.315264+00	
00000000-0000-0000-0000-000000000000	c4b7ad69-a1e3-4bbf-954f-652d39e695ab	{"action":"login","actor_id":"67895186-b74a-445d-9e82-026d90e25b30","actor_username":"koko@kolo.com","actor_via_sso":false,"log_type":"account","traits":{"provider":"email"}}	2025-05-17 17:13:37.320363+00	
00000000-0000-0000-0000-000000000000	d55b42fd-9da1-4b39-b264-e92ec466e780	{"action":"login","actor_id":"67895186-b74a-445d-9e82-026d90e25b30","actor_username":"koko@kolo.com","actor_via_sso":false,"log_type":"account","traits":{"provider":"email"}}	2025-05-17 17:13:52.640569+00	
00000000-0000-0000-0000-000000000000	62b41732-409f-4345-be08-bcd6a932c6cb	{"action":"logout","actor_id":"67895186-b74a-445d-9e82-026d90e25b30","actor_username":"koko@kolo.com","actor_via_sso":false,"log_type":"account"}	2025-05-17 17:14:11.291067+00	
00000000-0000-0000-0000-000000000000	7b988534-21a2-4160-bf1f-69a0500c42b1	{"action":"login","actor_id":"67895186-b74a-445d-9e82-026d90e25b30","actor_username":"koko@kolo.com","actor_via_sso":false,"log_type":"account","traits":{"provider":"email"}}	2025-05-17 17:14:28.487882+00	
00000000-0000-0000-0000-000000000000	9dab18ab-309b-4cd0-9e0b-31d6aa804b0c	{"action":"logout","actor_id":"67895186-b74a-445d-9e82-026d90e25b30","actor_username":"koko@kolo.com","actor_via_sso":false,"log_type":"account"}	2025-05-17 17:14:36.403906+00	
00000000-0000-0000-0000-000000000000	0e1df8d7-684c-46f4-8d4d-263d54910417	{"action":"user_repeated_signup","actor_id":"67895186-b74a-445d-9e82-026d90e25b30","actor_username":"koko@kolo.com","actor_via_sso":false,"log_type":"user","traits":{"provider":"email"}}	2025-05-17 17:15:09.105439+00	
00000000-0000-0000-0000-000000000000	06548d51-8f61-4975-b84a-44895e943277	{"action":"login","actor_id":"67895186-b74a-445d-9e82-026d90e25b30","actor_username":"koko@kolo.com","actor_via_sso":false,"log_type":"account","traits":{"provider":"email"}}	2025-05-17 17:15:30.231721+00	
00000000-0000-0000-0000-000000000000	8ab79a65-a7f9-494e-9555-217cf1931f45	{"action":"logout","actor_id":"67895186-b74a-445d-9e82-026d90e25b30","actor_username":"koko@kolo.com","actor_via_sso":false,"log_type":"account"}	2025-05-17 17:15:44.140401+00	
00000000-0000-0000-0000-000000000000	fb4b5462-b53b-4dfa-ae49-24269ea823bc	{"action":"user_signedup","actor_id":"091ccf7f-876c-47bc-8cf7-bafd2bd0bc2d","actor_username":"1@1.com","actor_via_sso":false,"log_type":"team","traits":{"provider":"email"}}	2025-05-17 17:16:04.834611+00	
00000000-0000-0000-0000-000000000000	3142779e-9871-4c64-bfdd-7e079ae5d63f	{"action":"login","actor_id":"091ccf7f-876c-47bc-8cf7-bafd2bd0bc2d","actor_username":"1@1.com","actor_via_sso":false,"log_type":"account","traits":{"provider":"email"}}	2025-05-17 17:16:04.838892+00	
00000000-0000-0000-0000-000000000000	8f3f3ab8-1d81-450f-ad40-a6d97ebb1256	{"action":"login","actor_id":"091ccf7f-876c-47bc-8cf7-bafd2bd0bc2d","actor_username":"1@1.com","actor_via_sso":false,"log_type":"account","traits":{"provider":"email"}}	2025-05-17 17:16:15.76474+00	
00000000-0000-0000-0000-000000000000	e46db0b8-becc-4b4c-bfba-82e93ce59544	{"action":"logout","actor_id":"091ccf7f-876c-47bc-8cf7-bafd2bd0bc2d","actor_username":"1@1.com","actor_via_sso":false,"log_type":"account"}	2025-05-17 17:16:22.769704+00	
00000000-0000-0000-0000-000000000000	874f511a-0a18-4d3a-9c14-16e77fd9cf85	{"action":"login","actor_id":"091ccf7f-876c-47bc-8cf7-bafd2bd0bc2d","actor_username":"1@1.com","actor_via_sso":false,"log_type":"account","traits":{"provider":"email"}}	2025-05-17 17:16:26.589258+00	
00000000-0000-0000-0000-000000000000	b2fe080e-f516-45a9-a9c4-326aec6becd8	{"action":"logout","actor_id":"091ccf7f-876c-47bc-8cf7-bafd2bd0bc2d","actor_username":"1@1.com","actor_via_sso":false,"log_type":"account"}	2025-05-17 17:16:37.962274+00	
00000000-0000-0000-0000-000000000000	5de457bc-c59a-4093-8b7a-824c92470b1f	{"action":"login","actor_id":"431a4bfb-5d06-42a7-b5e1-7cd38e619be2","actor_username":"admin2@hajj.com","actor_via_sso":false,"log_type":"account","traits":{"provider":"email"}}	2025-05-17 17:16:41.378613+00	
00000000-0000-0000-0000-000000000000	20f0e050-a53d-4247-8e69-b18cbb817fc0	{"action":"logout","actor_id":"431a4bfb-5d06-42a7-b5e1-7cd38e619be2","actor_username":"admin2@hajj.com","actor_via_sso":false,"log_type":"account"}	2025-05-17 17:17:00.474263+00	
00000000-0000-0000-0000-000000000000	8ee0f354-352c-48d3-8974-935467315d76	{"action":"login","actor_id":"091ccf7f-876c-47bc-8cf7-bafd2bd0bc2d","actor_username":"1@1.com","actor_via_sso":false,"log_type":"account","traits":{"provider":"email"}}	2025-05-17 17:17:03.369482+00	
00000000-0000-0000-0000-000000000000	24663886-928f-4eeb-8ed0-6c6b45bc3774	{"action":"logout","actor_id":"091ccf7f-876c-47bc-8cf7-bafd2bd0bc2d","actor_username":"1@1.com","actor_via_sso":false,"log_type":"account"}	2025-05-17 17:23:48.199189+00	
00000000-0000-0000-0000-000000000000	02196803-995d-4f11-af17-66a9f6f9f722	{"action":"login","actor_id":"431a4bfb-5d06-42a7-b5e1-7cd38e619be2","actor_username":"admin2@hajj.com","actor_via_sso":false,"log_type":"account","traits":{"provider":"email"}}	2025-05-17 17:23:52.203026+00	
00000000-0000-0000-0000-000000000000	b1093f83-adbd-47cd-8618-de61c2007986	{"action":"logout","actor_id":"431a4bfb-5d06-42a7-b5e1-7cd38e619be2","actor_username":"admin2@hajj.com","actor_via_sso":false,"log_type":"account"}	2025-05-17 17:24:12.444521+00	
00000000-0000-0000-0000-000000000000	7c19c461-7c0f-45cf-926d-4c9e77891059	{"action":"login","actor_id":"091ccf7f-876c-47bc-8cf7-bafd2bd0bc2d","actor_username":"1@1.com","actor_via_sso":false,"log_type":"account","traits":{"provider":"email"}}	2025-05-17 17:24:16.019511+00	
00000000-0000-0000-0000-000000000000	8fe208a8-1d04-4551-9433-ce4a0bd8aad7	{"action":"logout","actor_id":"091ccf7f-876c-47bc-8cf7-bafd2bd0bc2d","actor_username":"1@1.com","actor_via_sso":false,"log_type":"account"}	2025-05-17 17:30:20.516268+00	
00000000-0000-0000-0000-000000000000	08ce4a7a-0f7e-439c-8faa-764f4d63f841	{"action":"user_signedup","actor_id":"a6c5698c-f432-45af-94a9-af89849bbcab","actor_username":"2@2.com","actor_via_sso":false,"log_type":"team","traits":{"provider":"email"}}	2025-05-17 17:30:38.940254+00	
00000000-0000-0000-0000-000000000000	b5d7d441-5d57-4630-95ec-b52bb384193b	{"action":"login","actor_id":"a6c5698c-f432-45af-94a9-af89849bbcab","actor_username":"2@2.com","actor_via_sso":false,"log_type":"account","traits":{"provider":"email"}}	2025-05-17 17:30:38.94471+00	
00000000-0000-0000-0000-000000000000	a9611a09-4054-45ab-808a-b00230e16c4d	{"action":"login","actor_id":"a6c5698c-f432-45af-94a9-af89849bbcab","actor_username":"2@2.com","actor_via_sso":false,"log_type":"account","traits":{"provider":"email"}}	2025-05-17 17:30:48.13701+00	
00000000-0000-0000-0000-000000000000	affdc045-f795-4be9-9454-462a52aa260f	{"action":"logout","actor_id":"a6c5698c-f432-45af-94a9-af89849bbcab","actor_username":"2@2.com","actor_via_sso":false,"log_type":"account"}	2025-05-17 17:30:56.528604+00	
00000000-0000-0000-0000-000000000000	85b5a9bc-bb97-41bd-9dff-ca823276b8f2	{"action":"login","actor_id":"a6c5698c-f432-45af-94a9-af89849bbcab","actor_username":"2@2.com","actor_via_sso":false,"log_type":"account","traits":{"provider":"email"}}	2025-05-17 17:31:00.53023+00	
00000000-0000-0000-0000-000000000000	cadd3822-c020-4ded-9181-0d7119a4203e	{"action":"logout","actor_id":"a6c5698c-f432-45af-94a9-af89849bbcab","actor_username":"2@2.com","actor_via_sso":false,"log_type":"account"}	2025-05-17 17:35:48.669052+00	
00000000-0000-0000-0000-000000000000	412cc45f-31e2-4074-85de-61b79aec70e9	{"action":"user_repeated_signup","actor_id":"091ccf7f-876c-47bc-8cf7-bafd2bd0bc2d","actor_username":"1@1.com","actor_via_sso":false,"log_type":"user","traits":{"provider":"email"}}	2025-05-17 17:36:28.522045+00	
00000000-0000-0000-0000-000000000000	7a31291b-66d2-444c-83ce-8300790ce87b	{"action":"user_signedup","actor_id":"91539523-b52a-4db1-994f-3488baa2ef68","actor_username":"3@3.com","actor_via_sso":false,"log_type":"team","traits":{"provider":"email"}}	2025-05-17 17:36:54.635489+00	
00000000-0000-0000-0000-000000000000	45ed43cb-16a5-4bda-bad2-7dd714490be9	{"action":"login","actor_id":"91539523-b52a-4db1-994f-3488baa2ef68","actor_username":"3@3.com","actor_via_sso":false,"log_type":"account","traits":{"provider":"email"}}	2025-05-17 17:36:54.64029+00	
00000000-0000-0000-0000-000000000000	0a421ad8-10be-49d5-b3f6-416e4fb05b68	{"action":"user_signedup","actor_id":"8af28eef-a440-44be-9e69-ddea9ecd4517","actor_username":"hala@hala.com","actor_via_sso":false,"log_type":"team","traits":{"provider":"email"}}	2025-05-17 17:38:55.022931+00	
00000000-0000-0000-0000-000000000000	33d6fb05-a0cf-423c-9e4f-a60065f87b90	{"action":"login","actor_id":"8af28eef-a440-44be-9e69-ddea9ecd4517","actor_username":"hala@hala.com","actor_via_sso":false,"log_type":"account","traits":{"provider":"email"}}	2025-05-17 17:38:55.028253+00	
00000000-0000-0000-0000-000000000000	66739ffe-942f-4519-af23-71512be8ebf9	{"action":"login","actor_id":"8af28eef-a440-44be-9e69-ddea9ecd4517","actor_username":"hala@hala.com","actor_via_sso":false,"log_type":"account","traits":{"provider":"email"}}	2025-05-17 17:39:25.670918+00	
00000000-0000-0000-0000-000000000000	1221dc91-6f06-4be6-9a64-e7133c815801	{"action":"logout","actor_id":"8af28eef-a440-44be-9e69-ddea9ecd4517","actor_username":"hala@hala.com","actor_via_sso":false,"log_type":"account"}	2025-05-17 17:50:32.262141+00	
00000000-0000-0000-0000-000000000000	ea24e945-8b59-4964-bc02-ae5e933936d2	{"action":"login","actor_id":"8af28eef-a440-44be-9e69-ddea9ecd4517","actor_username":"hala@hala.com","actor_via_sso":false,"log_type":"account","traits":{"provider":"email"}}	2025-05-17 17:50:35.525563+00	
00000000-0000-0000-0000-000000000000	d5da40e2-0155-4f85-b192-9984659f4d67	{"action":"logout","actor_id":"8af28eef-a440-44be-9e69-ddea9ecd4517","actor_username":"hala@hala.com","actor_via_sso":false,"log_type":"account"}	2025-05-17 17:50:41.056356+00	
00000000-0000-0000-0000-000000000000	7db937db-81d7-4719-a612-683c469721b3	{"action":"login","actor_id":"431a4bfb-5d06-42a7-b5e1-7cd38e619be2","actor_username":"admin2@hajj.com","actor_via_sso":false,"log_type":"account","traits":{"provider":"email"}}	2025-05-17 17:50:44.587926+00	
00000000-0000-0000-0000-000000000000	e14c0aac-52bf-45b9-bdd7-abe3a9d41632	{"action":"logout","actor_id":"431a4bfb-5d06-42a7-b5e1-7cd38e619be2","actor_username":"admin2@hajj.com","actor_via_sso":false,"log_type":"account"}	2025-05-17 17:54:04.725394+00	
00000000-0000-0000-0000-000000000000	bd294f5b-8250-4cbe-9554-f00025bf0671	{"action":"login","actor_id":"431a4bfb-5d06-42a7-b5e1-7cd38e619be2","actor_username":"admin2@hajj.com","actor_via_sso":false,"log_type":"account","traits":{"provider":"email"}}	2025-05-17 17:54:12.012392+00	
00000000-0000-0000-0000-000000000000	d3367644-790d-42a1-a475-15b8e0654395	{"action":"logout","actor_id":"431a4bfb-5d06-42a7-b5e1-7cd38e619be2","actor_username":"admin2@hajj.com","actor_via_sso":false,"log_type":"account"}	2025-05-17 17:54:24.389021+00	
00000000-0000-0000-0000-000000000000	ded7d00d-5bca-4cc0-9b1e-b911c5685d0f	{"action":"login","actor_id":"091ccf7f-876c-47bc-8cf7-bafd2bd0bc2d","actor_username":"1@1.com","actor_via_sso":false,"log_type":"account","traits":{"provider":"email"}}	2025-05-17 17:54:29.222316+00	
00000000-0000-0000-0000-000000000000	ba1a5a10-88af-4a91-aae5-2ea3d79f6a6b	{"action":"logout","actor_id":"091ccf7f-876c-47bc-8cf7-bafd2bd0bc2d","actor_username":"1@1.com","actor_via_sso":false,"log_type":"account"}	2025-05-17 17:54:41.391443+00	
00000000-0000-0000-0000-000000000000	243d4f96-0c08-44b9-94c0-aa9f7d8191c1	{"action":"login","actor_id":"091ccf7f-876c-47bc-8cf7-bafd2bd0bc2d","actor_username":"1@1.com","actor_via_sso":false,"log_type":"account","traits":{"provider":"email"}}	2025-05-17 17:54:44.421552+00	
00000000-0000-0000-0000-000000000000	45a3e0d3-6f72-4a83-a8fb-f9c98b70cd36	{"action":"logout","actor_id":"091ccf7f-876c-47bc-8cf7-bafd2bd0bc2d","actor_username":"1@1.com","actor_via_sso":false,"log_type":"account"}	2025-05-17 17:54:46.32325+00	
00000000-0000-0000-0000-000000000000	e52863ad-6b3b-4730-b06f-0d5f498e2452	{"action":"login","actor_id":"a6c5698c-f432-45af-94a9-af89849bbcab","actor_username":"2@2.com","actor_via_sso":false,"log_type":"account","traits":{"provider":"email"}}	2025-05-17 17:54:49.499033+00	
00000000-0000-0000-0000-000000000000	aca927c0-164a-4480-952e-2d2c803b6e7f	{"action":"logout","actor_id":"a6c5698c-f432-45af-94a9-af89849bbcab","actor_username":"2@2.com","actor_via_sso":false,"log_type":"account"}	2025-05-17 17:54:50.76499+00	
00000000-0000-0000-0000-000000000000	d31fd037-437d-4b0f-9169-0663e11dd8cc	{"action":"login","actor_id":"a6c5698c-f432-45af-94a9-af89849bbcab","actor_username":"2@2.com","actor_via_sso":false,"log_type":"account","traits":{"provider":"email"}}	2025-05-17 17:54:54.351182+00	
00000000-0000-0000-0000-000000000000	790fb465-dcb3-44bf-a931-ca3601de2350	{"action":"logout","actor_id":"a6c5698c-f432-45af-94a9-af89849bbcab","actor_username":"2@2.com","actor_via_sso":false,"log_type":"account"}	2025-05-17 17:55:00.147393+00	
00000000-0000-0000-0000-000000000000	3371f752-9220-4514-a15a-218fb32a8162	{"action":"login","actor_id":"a6c5698c-f432-45af-94a9-af89849bbcab","actor_username":"2@2.com","actor_via_sso":false,"log_type":"account","traits":{"provider":"email"}}	2025-05-17 17:55:03.012835+00	
00000000-0000-0000-0000-000000000000	e0bd3772-47c3-43d8-adc9-9c7590014486	{"action":"logout","actor_id":"a6c5698c-f432-45af-94a9-af89849bbcab","actor_username":"2@2.com","actor_via_sso":false,"log_type":"account"}	2025-05-17 17:55:04.351616+00	
00000000-0000-0000-0000-000000000000	685122c3-fddb-475e-950f-070b508b7ad1	{"action":"login","actor_id":"91539523-b52a-4db1-994f-3488baa2ef68","actor_username":"3@3.com","actor_via_sso":false,"log_type":"account","traits":{"provider":"email"}}	2025-05-17 17:55:08.105289+00	
00000000-0000-0000-0000-000000000000	508df24d-498f-4d68-8193-c0f84cf13fbf	{"action":"logout","actor_id":"91539523-b52a-4db1-994f-3488baa2ef68","actor_username":"3@3.com","actor_via_sso":false,"log_type":"account"}	2025-05-17 17:55:16.453752+00	
00000000-0000-0000-0000-000000000000	aa24ec8a-3ac9-401a-8621-733b259aff48	{"action":"login","actor_id":"91539523-b52a-4db1-994f-3488baa2ef68","actor_username":"3@3.com","actor_via_sso":false,"log_type":"account","traits":{"provider":"email"}}	2025-05-17 17:55:19.728111+00	
00000000-0000-0000-0000-000000000000	36345190-b70f-4e14-8ac6-ffb01178b922	{"action":"logout","actor_id":"91539523-b52a-4db1-994f-3488baa2ef68","actor_username":"3@3.com","actor_via_sso":false,"log_type":"account"}	2025-05-17 17:55:22.581273+00	
00000000-0000-0000-0000-000000000000	455ae362-bc59-42a2-9029-a810c84edac2	{"action":"login","actor_id":"91539523-b52a-4db1-994f-3488baa2ef68","actor_username":"3@3.com","actor_via_sso":false,"log_type":"account","traits":{"provider":"email"}}	2025-05-17 17:55:39.093784+00	
00000000-0000-0000-0000-000000000000	0742b2c1-698c-4b5e-8623-cccc2638291c	{"action":"logout","actor_id":"91539523-b52a-4db1-994f-3488baa2ef68","actor_username":"3@3.com","actor_via_sso":false,"log_type":"account"}	2025-05-17 17:55:46.944262+00	
00000000-0000-0000-0000-000000000000	4ff38644-96a7-49b8-987f-bd6e53b519c3	{"action":"login","actor_id":"91539523-b52a-4db1-994f-3488baa2ef68","actor_username":"3@3.com","actor_via_sso":false,"log_type":"account","traits":{"provider":"email"}}	2025-05-17 17:55:49.821996+00	
00000000-0000-0000-0000-000000000000	eba5c6da-71ed-4d21-bb50-20866f1a068e	{"action":"logout","actor_id":"91539523-b52a-4db1-994f-3488baa2ef68","actor_username":"3@3.com","actor_via_sso":false,"log_type":"account"}	2025-05-17 17:55:54.162466+00	
00000000-0000-0000-0000-000000000000	7bdb75a5-d7f7-4d58-9c45-b859b283ef98	{"action":"login","actor_id":"091ccf7f-876c-47bc-8cf7-bafd2bd0bc2d","actor_username":"1@1.com","actor_via_sso":false,"log_type":"account","traits":{"provider":"email"}}	2025-05-17 17:59:33.468753+00	
00000000-0000-0000-0000-000000000000	916d1776-c68f-43e2-9f3b-5e0e91180d61	{"action":"logout","actor_id":"091ccf7f-876c-47bc-8cf7-bafd2bd0bc2d","actor_username":"1@1.com","actor_via_sso":false,"log_type":"account"}	2025-05-17 17:59:55.152079+00	
00000000-0000-0000-0000-000000000000	e458b0c1-3373-4cd1-8d55-e19a528df73f	{"action":"login","actor_id":"91539523-b52a-4db1-994f-3488baa2ef68","actor_username":"3@3.com","actor_via_sso":false,"log_type":"account","traits":{"provider":"email"}}	2025-05-17 18:02:18.148834+00	
00000000-0000-0000-0000-000000000000	5da15c29-a8db-4a05-acd4-343ac65b8b00	{"action":"logout","actor_id":"91539523-b52a-4db1-994f-3488baa2ef68","actor_username":"3@3.com","actor_via_sso":false,"log_type":"account"}	2025-05-17 18:02:20.159849+00	
00000000-0000-0000-0000-000000000000	19c3c97e-e215-469c-aaad-11ab6b88280f	{"action":"login","actor_id":"091ccf7f-876c-47bc-8cf7-bafd2bd0bc2d","actor_username":"1@1.com","actor_via_sso":false,"log_type":"account","traits":{"provider":"email"}}	2025-05-17 18:03:33.957644+00	
00000000-0000-0000-0000-000000000000	4d3d91af-9256-400b-ba9b-5cf441ffb15e	{"action":"logout","actor_id":"091ccf7f-876c-47bc-8cf7-bafd2bd0bc2d","actor_username":"1@1.com","actor_via_sso":false,"log_type":"account"}	2025-05-17 18:03:36.018081+00	
00000000-0000-0000-0000-000000000000	917218a2-dc20-465e-b4e6-98343c3d557e	{"action":"login","actor_id":"91539523-b52a-4db1-994f-3488baa2ef68","actor_username":"3@3.com","actor_via_sso":false,"log_type":"account","traits":{"provider":"email"}}	2025-05-17 18:07:33.065117+00	
00000000-0000-0000-0000-000000000000	fd3a6dd8-92eb-43fc-a608-5c7bb022c9f2	{"action":"logout","actor_id":"91539523-b52a-4db1-994f-3488baa2ef68","actor_username":"3@3.com","actor_via_sso":false,"log_type":"account"}	2025-05-17 18:07:52.207751+00	
00000000-0000-0000-0000-000000000000	def9f7b2-9d3b-4fa9-ba17-b12091f329a9	{"action":"login","actor_id":"91539523-b52a-4db1-994f-3488baa2ef68","actor_username":"3@3.com","actor_via_sso":false,"log_type":"account","traits":{"provider":"email"}}	2025-05-17 18:07:54.650377+00	
00000000-0000-0000-0000-000000000000	300219b9-fdc4-4d5c-bc3a-5faa1258c0d1	{"action":"logout","actor_id":"91539523-b52a-4db1-994f-3488baa2ef68","actor_username":"3@3.com","actor_via_sso":false,"log_type":"account"}	2025-05-17 18:07:57.671102+00	
00000000-0000-0000-0000-000000000000	4c4bcb4c-8c70-4504-99ab-69ba3843eadf	{"action":"login","actor_id":"431a4bfb-5d06-42a7-b5e1-7cd38e619be2","actor_username":"admin2@hajj.com","actor_via_sso":false,"log_type":"account","traits":{"provider":"email"}}	2025-05-17 18:08:01.040633+00	
00000000-0000-0000-0000-000000000000	abdf1792-463f-4b38-a661-68d6f7cbddbc	{"action":"token_refreshed","actor_id":"431a4bfb-5d06-42a7-b5e1-7cd38e619be2","actor_username":"admin2@hajj.com","actor_via_sso":false,"log_type":"token"}	2025-05-17 19:10:36.175388+00	
00000000-0000-0000-0000-000000000000	fbcd09e4-84ca-4381-9370-2e3401892655	{"action":"token_revoked","actor_id":"431a4bfb-5d06-42a7-b5e1-7cd38e619be2","actor_username":"admin2@hajj.com","actor_via_sso":false,"log_type":"token"}	2025-05-17 19:10:36.177381+00	
00000000-0000-0000-0000-000000000000	f0aa3232-df49-4e90-95b9-e06da545d531	{"action":"logout","actor_id":"431a4bfb-5d06-42a7-b5e1-7cd38e619be2","actor_username":"admin2@hajj.com","actor_via_sso":false,"log_type":"account"}	2025-05-17 19:11:50.257706+00	
00000000-0000-0000-0000-000000000000	eb2bc708-c955-47a8-ae05-052f6cf7a9c2	{"action":"user_signedup","actor_id":"8a4883e7-d67a-422b-bab3-d07a50521a90","actor_username":"fatma@mayo.com","actor_via_sso":false,"log_type":"team","traits":{"provider":"email"}}	2025-05-17 19:16:11.377277+00	
00000000-0000-0000-0000-000000000000	19af9fbb-3232-4a76-85e4-734101034e5d	{"action":"login","actor_id":"8a4883e7-d67a-422b-bab3-d07a50521a90","actor_username":"fatma@mayo.com","actor_via_sso":false,"log_type":"account","traits":{"provider":"email"}}	2025-05-17 19:16:11.383367+00	
00000000-0000-0000-0000-000000000000	0a5bcb9d-c142-4e79-b779-3a1bb08a7174	{"action":"login","actor_id":"8a4883e7-d67a-422b-bab3-d07a50521a90","actor_username":"fatma@mayo.com","actor_via_sso":false,"log_type":"account","traits":{"provider":"email"}}	2025-05-17 19:16:19.893551+00	
00000000-0000-0000-0000-000000000000	e89769e1-2556-4813-aa2f-2e02421d9195	{"action":"logout","actor_id":"8a4883e7-d67a-422b-bab3-d07a50521a90","actor_username":"fatma@mayo.com","actor_via_sso":false,"log_type":"account"}	2025-05-17 19:16:51.844477+00	
00000000-0000-0000-0000-000000000000	b8aad019-b2d5-4625-bb6d-f3b86dcd965a	{"action":"login","actor_id":"091ccf7f-876c-47bc-8cf7-bafd2bd0bc2d","actor_username":"1@1.com","actor_via_sso":false,"log_type":"account","traits":{"provider":"email"}}	2025-05-17 19:19:56.733552+00	
00000000-0000-0000-0000-000000000000	5a9cf18b-74f9-4427-99fb-b66f85455ca1	{"action":"logout","actor_id":"091ccf7f-876c-47bc-8cf7-bafd2bd0bc2d","actor_username":"1@1.com","actor_via_sso":false,"log_type":"account"}	2025-05-17 19:20:26.878593+00	
00000000-0000-0000-0000-000000000000	d3cc0978-fb32-4998-917a-977f53e4d2af	{"action":"login","actor_id":"a6c5698c-f432-45af-94a9-af89849bbcab","actor_username":"2@2.com","actor_via_sso":false,"log_type":"account","traits":{"provider":"email"}}	2025-05-17 19:20:30.49641+00	
00000000-0000-0000-0000-000000000000	7d091219-7de2-4a4d-b294-54364864c89e	{"action":"logout","actor_id":"a6c5698c-f432-45af-94a9-af89849bbcab","actor_username":"2@2.com","actor_via_sso":false,"log_type":"account"}	2025-05-17 19:20:37.400532+00	
00000000-0000-0000-0000-000000000000	beca59e3-4640-4824-8a14-2c9ea52cb083	{"action":"login","actor_id":"431a4bfb-5d06-42a7-b5e1-7cd38e619be2","actor_username":"admin2@hajj.com","actor_via_sso":false,"log_type":"account","traits":{"provider":"email"}}	2025-05-17 19:20:41.132629+00	
00000000-0000-0000-0000-000000000000	f2388b20-bb2d-44cc-a849-aeaf33a21f6a	{"action":"logout","actor_id":"431a4bfb-5d06-42a7-b5e1-7cd38e619be2","actor_username":"admin2@hajj.com","actor_via_sso":false,"log_type":"account"}	2025-05-17 19:21:17.128155+00	
00000000-0000-0000-0000-000000000000	6fa30dd1-1fa6-4bce-8f6d-f33ef3d79061	{"action":"login","actor_id":"431a4bfb-5d06-42a7-b5e1-7cd38e619be2","actor_username":"admin2@hajj.com","actor_via_sso":false,"log_type":"account","traits":{"provider":"email"}}	2025-05-17 19:21:25.960483+00	
00000000-0000-0000-0000-000000000000	44ba63cd-536d-4abc-909b-a37cf6e5135d	{"action":"login","actor_id":"c78963b8-794a-4e4f-84b5-2b0ffe601862","actor_username":"heba96@yahoo.com","actor_via_sso":false,"log_type":"account","traits":{"provider":"email"}}	2025-05-17 19:31:59.05488+00	
00000000-0000-0000-0000-000000000000	bf716251-544b-430e-8c5e-355fdff587a1	{"action":"token_refreshed","actor_id":"431a4bfb-5d06-42a7-b5e1-7cd38e619be2","actor_username":"admin2@hajj.com","actor_via_sso":false,"log_type":"token"}	2025-05-17 20:21:02.777253+00	
00000000-0000-0000-0000-000000000000	bc39617e-d5bb-4338-8423-11a3b0e4d9b1	{"action":"token_revoked","actor_id":"431a4bfb-5d06-42a7-b5e1-7cd38e619be2","actor_username":"admin2@hajj.com","actor_via_sso":false,"log_type":"token"}	2025-05-17 20:21:02.779252+00	
00000000-0000-0000-0000-000000000000	15a9adc7-a2b6-4588-9d92-9e1c4552891f	{"action":"login","actor_id":"431a4bfb-5d06-42a7-b5e1-7cd38e619be2","actor_username":"admin2@hajj.com","actor_via_sso":false,"log_type":"account","traits":{"provider":"email"}}	2025-05-17 20:29:58.146148+00	
00000000-0000-0000-0000-000000000000	242f2676-f4a3-4618-aed4-344dce54ec32	{"action":"login","actor_id":"431a4bfb-5d06-42a7-b5e1-7cd38e619be2","actor_username":"admin2@hajj.com","actor_via_sso":false,"log_type":"account","traits":{"provider":"email"}}	2025-05-17 20:31:02.187344+00	
00000000-0000-0000-0000-000000000000	a043e8bb-eda2-479e-8c61-faa67a45c965	{"action":"token_refreshed","actor_id":"c78963b8-794a-4e4f-84b5-2b0ffe601862","actor_username":"heba96@yahoo.com","actor_via_sso":false,"log_type":"token"}	2025-05-17 20:48:09.352221+00	
00000000-0000-0000-0000-000000000000	7a27a7d2-fc78-40dc-829e-d455efe4b671	{"action":"token_revoked","actor_id":"c78963b8-794a-4e4f-84b5-2b0ffe601862","actor_username":"heba96@yahoo.com","actor_via_sso":false,"log_type":"token"}	2025-05-17 20:48:09.355253+00	
00000000-0000-0000-0000-000000000000	9ebd19a5-fed9-4c53-bc0a-bb69ac16c534	{"action":"logout","actor_id":"c78963b8-794a-4e4f-84b5-2b0ffe601862","actor_username":"heba96@yahoo.com","actor_via_sso":false,"log_type":"account"}	2025-05-17 20:48:14.164592+00	
00000000-0000-0000-0000-000000000000	ddb1ce6c-5960-42cb-99a9-0a11b083474a	{"action":"login","actor_id":"8a4883e7-d67a-422b-bab3-d07a50521a90","actor_username":"fatma@mayo.com","actor_via_sso":false,"log_type":"account","traits":{"provider":"email"}}	2025-05-17 20:51:29.384361+00	
00000000-0000-0000-0000-000000000000	72cddc7f-3523-4d1e-8e9d-c04877a4e28c	{"action":"login","actor_id":"431a4bfb-5d06-42a7-b5e1-7cd38e619be2","actor_username":"admin2@hajj.com","actor_via_sso":false,"log_type":"account","traits":{"provider":"email"}}	2025-05-17 21:11:57.595709+00	
00000000-0000-0000-0000-000000000000	ca5f5e34-9423-4f57-a626-596df31d3cb3	{"action":"logout","actor_id":"431a4bfb-5d06-42a7-b5e1-7cd38e619be2","actor_username":"admin2@hajj.com","actor_via_sso":false,"log_type":"account"}	2025-05-17 21:12:45.281392+00	
00000000-0000-0000-0000-000000000000	28af1fda-93a7-48fa-824e-9f0fd00a211f	{"action":"user_signedup","actor_id":"43b9e3ca-0ab1-45b8-ab79-fc163965f30e","actor_username":"aaaaa@hotmail.com","actor_via_sso":false,"log_type":"team","traits":{"provider":"email"}}	2025-05-17 21:13:10.629374+00	
00000000-0000-0000-0000-000000000000	b0c69004-df34-445e-96f3-4aee3d11e979	{"action":"login","actor_id":"43b9e3ca-0ab1-45b8-ab79-fc163965f30e","actor_username":"aaaaa@hotmail.com","actor_via_sso":false,"log_type":"account","traits":{"provider":"email"}}	2025-05-17 21:13:10.6343+00	
00000000-0000-0000-0000-000000000000	5c9b8e69-927e-4e5f-b370-ba8dc26378b6	{"action":"login","actor_id":"431a4bfb-5d06-42a7-b5e1-7cd38e619be2","actor_username":"admin2@hajj.com","actor_via_sso":false,"log_type":"account","traits":{"provider":"email"}}	2025-05-17 21:13:17.465405+00	
00000000-0000-0000-0000-000000000000	010fc82b-d1af-49d3-b465-f950fa1f64a6	{"action":"logout","actor_id":"431a4bfb-5d06-42a7-b5e1-7cd38e619be2","actor_username":"admin2@hajj.com","actor_via_sso":false,"log_type":"account"}	2025-05-17 21:13:21.963683+00	
00000000-0000-0000-0000-000000000000	8ea1b8ab-5ee3-4d38-af03-a6c499a21ccf	{"action":"login","actor_id":"43b9e3ca-0ab1-45b8-ab79-fc163965f30e","actor_username":"aaaaa@hotmail.com","actor_via_sso":false,"log_type":"account","traits":{"provider":"email"}}	2025-05-17 21:13:39.199058+00	
00000000-0000-0000-0000-000000000000	35297df6-5e0f-4c19-81c7-8a5f3da25ffb	{"action":"login","actor_id":"431a4bfb-5d06-42a7-b5e1-7cd38e619be2","actor_username":"admin2@hajj.com","actor_via_sso":false,"log_type":"account","traits":{"provider":"email"}}	2025-05-19 10:07:02.934295+00	
00000000-0000-0000-0000-000000000000	7b157b08-697e-4c37-b000-f7b9aad7a8cd	{"action":"token_refreshed","actor_id":"431a4bfb-5d06-42a7-b5e1-7cd38e619be2","actor_username":"admin2@hajj.com","actor_via_sso":false,"log_type":"token"}	2025-05-19 20:20:44.270825+00	
00000000-0000-0000-0000-000000000000	bad9ef14-7845-4d8f-bfc7-577e6d3e4c91	{"action":"token_revoked","actor_id":"431a4bfb-5d06-42a7-b5e1-7cd38e619be2","actor_username":"admin2@hajj.com","actor_via_sso":false,"log_type":"token"}	2025-05-19 20:20:44.28566+00	
00000000-0000-0000-0000-000000000000	1e995ef0-a319-4e81-a1cc-ae717a83b87b	{"action":"token_refreshed","actor_id":"431a4bfb-5d06-42a7-b5e1-7cd38e619be2","actor_username":"admin2@hajj.com","actor_via_sso":false,"log_type":"token"}	2025-05-19 21:25:05.194485+00	
00000000-0000-0000-0000-000000000000	61b64ad8-def7-40f9-bd90-8a9be44cde09	{"action":"token_revoked","actor_id":"431a4bfb-5d06-42a7-b5e1-7cd38e619be2","actor_username":"admin2@hajj.com","actor_via_sso":false,"log_type":"token"}	2025-05-19 21:25:05.197771+00	
00000000-0000-0000-0000-000000000000	fbc7cedb-07aa-4c82-a871-e9b863f3a950	{"action":"token_refreshed","actor_id":"431a4bfb-5d06-42a7-b5e1-7cd38e619be2","actor_username":"admin2@hajj.com","actor_via_sso":false,"log_type":"token"}	2025-05-20 20:43:33.796985+00	
00000000-0000-0000-0000-000000000000	5b84e1f3-3cc4-458c-a179-bdd4ab9afb95	{"action":"token_revoked","actor_id":"431a4bfb-5d06-42a7-b5e1-7cd38e619be2","actor_username":"admin2@hajj.com","actor_via_sso":false,"log_type":"token"}	2025-05-20 20:43:33.806617+00	
00000000-0000-0000-0000-000000000000	bc6daa5a-eb29-4d4b-9436-5c706bac7bf1	{"action":"token_refreshed","actor_id":"431a4bfb-5d06-42a7-b5e1-7cd38e619be2","actor_username":"admin2@hajj.com","actor_via_sso":false,"log_type":"token"}	2025-05-21 01:42:41.517609+00	
00000000-0000-0000-0000-000000000000	8addce93-5645-4972-9b46-22ac5c15e317	{"action":"token_revoked","actor_id":"431a4bfb-5d06-42a7-b5e1-7cd38e619be2","actor_username":"admin2@hajj.com","actor_via_sso":false,"log_type":"token"}	2025-05-21 01:42:41.535707+00	
00000000-0000-0000-0000-000000000000	e432a145-d053-471f-9601-22837eaf817f	{"action":"token_refreshed","actor_id":"431a4bfb-5d06-42a7-b5e1-7cd38e619be2","actor_username":"admin2@hajj.com","actor_via_sso":false,"log_type":"token"}	2025-05-22 17:25:40.889366+00	
00000000-0000-0000-0000-000000000000	8393255a-97f3-45b2-9ff8-018bc2b1814c	{"action":"token_revoked","actor_id":"431a4bfb-5d06-42a7-b5e1-7cd38e619be2","actor_username":"admin2@hajj.com","actor_via_sso":false,"log_type":"token"}	2025-05-22 17:25:40.908679+00	
00000000-0000-0000-0000-000000000000	1ea603c9-9c3c-46b7-91fb-f1cb0097727e	{"action":"token_refreshed","actor_id":"8a4883e7-d67a-422b-bab3-d07a50521a90","actor_username":"fatma@mayo.com","actor_via_sso":false,"log_type":"token"}	2025-05-25 22:03:22.248924+00	
00000000-0000-0000-0000-000000000000	16c8f2dc-fd42-4b6c-a3f1-d7a9cb27b001	{"action":"token_revoked","actor_id":"8a4883e7-d67a-422b-bab3-d07a50521a90","actor_username":"fatma@mayo.com","actor_via_sso":false,"log_type":"token"}	2025-05-25 22:03:22.2666+00	
00000000-0000-0000-0000-000000000000	966d60ee-2694-4b3c-934c-c23670bfc2ee	{"action":"token_refreshed","actor_id":"431a4bfb-5d06-42a7-b5e1-7cd38e619be2","actor_username":"admin2@hajj.com","actor_via_sso":false,"log_type":"token"}	2025-05-26 14:04:51.213313+00	
00000000-0000-0000-0000-000000000000	96bcc011-2fae-4ee9-b069-618676e43280	{"action":"token_revoked","actor_id":"431a4bfb-5d06-42a7-b5e1-7cd38e619be2","actor_username":"admin2@hajj.com","actor_via_sso":false,"log_type":"token"}	2025-05-26 14:04:51.231346+00	
00000000-0000-0000-0000-000000000000	118939b5-58e7-4d37-a1c6-f6f6f4e97a3a	{"action":"token_refreshed","actor_id":"431a4bfb-5d06-42a7-b5e1-7cd38e619be2","actor_username":"admin2@hajj.com","actor_via_sso":false,"log_type":"token"}	2025-05-26 15:58:44.907624+00	
00000000-0000-0000-0000-000000000000	b25fabc9-eba2-4c31-9549-f0419b9724d1	{"action":"token_revoked","actor_id":"431a4bfb-5d06-42a7-b5e1-7cd38e619be2","actor_username":"admin2@hajj.com","actor_via_sso":false,"log_type":"token"}	2025-05-26 15:58:44.910179+00	
00000000-0000-0000-0000-000000000000	b1edee49-4842-4501-8fcf-65fd31596cd5	{"action":"token_refreshed","actor_id":"431a4bfb-5d06-42a7-b5e1-7cd38e619be2","actor_username":"admin2@hajj.com","actor_via_sso":false,"log_type":"token"}	2025-05-28 17:02:35.321518+00	
00000000-0000-0000-0000-000000000000	1b80b11c-11dc-490a-97d0-5fd828124e6a	{"action":"token_revoked","actor_id":"431a4bfb-5d06-42a7-b5e1-7cd38e619be2","actor_username":"admin2@hajj.com","actor_via_sso":false,"log_type":"token"}	2025-05-28 17:02:35.348483+00	
00000000-0000-0000-0000-000000000000	325d0ab6-9fca-47de-b3f7-6cd01e246619	{"action":"token_refreshed","actor_id":"431a4bfb-5d06-42a7-b5e1-7cd38e619be2","actor_username":"admin2@hajj.com","actor_via_sso":false,"log_type":"token"}	2025-05-30 17:15:38.572294+00	
00000000-0000-0000-0000-000000000000	bdb2897f-479f-4d34-a090-16be64d71220	{"action":"token_revoked","actor_id":"431a4bfb-5d06-42a7-b5e1-7cd38e619be2","actor_username":"admin2@hajj.com","actor_via_sso":false,"log_type":"token"}	2025-05-30 17:15:38.592233+00	
00000000-0000-0000-0000-000000000000	17c80535-3b91-4c31-ad18-7a9b2f587a56	{"action":"token_refreshed","actor_id":"431a4bfb-5d06-42a7-b5e1-7cd38e619be2","actor_username":"admin2@hajj.com","actor_via_sso":false,"log_type":"token"}	2025-06-03 13:26:29.776083+00	
00000000-0000-0000-0000-000000000000	024721cf-ab12-44f7-b14b-b61b99f55f3e	{"action":"token_revoked","actor_id":"431a4bfb-5d06-42a7-b5e1-7cd38e619be2","actor_username":"admin2@hajj.com","actor_via_sso":false,"log_type":"token"}	2025-06-03 13:26:29.786416+00	
00000000-0000-0000-0000-000000000000	f33d14d0-2c6f-4593-83ed-c6feb6bee9b8	{"action":"token_refreshed","actor_id":"431a4bfb-5d06-42a7-b5e1-7cd38e619be2","actor_username":"admin2@hajj.com","actor_via_sso":false,"log_type":"token"}	2025-06-03 16:50:55.510776+00	
00000000-0000-0000-0000-000000000000	b7597ef7-a4a8-465a-80a0-76723c07379e	{"action":"token_revoked","actor_id":"431a4bfb-5d06-42a7-b5e1-7cd38e619be2","actor_username":"admin2@hajj.com","actor_via_sso":false,"log_type":"token"}	2025-06-03 16:50:55.514388+00	
00000000-0000-0000-0000-000000000000	ac1e1054-c74d-45b0-bf48-94bdb0029931	{"action":"token_refreshed","actor_id":"431a4bfb-5d06-42a7-b5e1-7cd38e619be2","actor_username":"admin2@hajj.com","actor_via_sso":false,"log_type":"token"}	2025-06-03 18:27:46.261508+00	
00000000-0000-0000-0000-000000000000	cb4cbeac-f492-45c7-a597-a167dd8bf481	{"action":"token_revoked","actor_id":"431a4bfb-5d06-42a7-b5e1-7cd38e619be2","actor_username":"admin2@hajj.com","actor_via_sso":false,"log_type":"token"}	2025-06-03 18:27:46.263609+00	
00000000-0000-0000-0000-000000000000	7b8f0243-7b83-4a91-a85c-699cbac2b743	{"action":"token_refreshed","actor_id":"431a4bfb-5d06-42a7-b5e1-7cd38e619be2","actor_username":"admin2@hajj.com","actor_via_sso":false,"log_type":"token"}	2025-06-05 08:21:33.750523+00	
00000000-0000-0000-0000-000000000000	8c7010c8-53c1-4193-b815-61eddd436552	{"action":"token_revoked","actor_id":"431a4bfb-5d06-42a7-b5e1-7cd38e619be2","actor_username":"admin2@hajj.com","actor_via_sso":false,"log_type":"token"}	2025-06-05 08:21:33.759899+00	
00000000-0000-0000-0000-000000000000	21d93f39-53a9-48e3-a186-45dfa5025d15	{"action":"token_refreshed","actor_id":"431a4bfb-5d06-42a7-b5e1-7cd38e619be2","actor_username":"admin2@hajj.com","actor_via_sso":false,"log_type":"token"}	2025-06-05 11:46:45.560678+00	
00000000-0000-0000-0000-000000000000	13c3c59e-3fb0-41f0-a246-55148b58ee59	{"action":"token_revoked","actor_id":"431a4bfb-5d06-42a7-b5e1-7cd38e619be2","actor_username":"admin2@hajj.com","actor_via_sso":false,"log_type":"token"}	2025-06-05 11:46:45.565276+00	
00000000-0000-0000-0000-000000000000	e2c52616-f7a0-4e14-86db-7397fcb6fa65	{"action":"token_refreshed","actor_id":"431a4bfb-5d06-42a7-b5e1-7cd38e619be2","actor_username":"admin2@hajj.com","actor_via_sso":false,"log_type":"token"}	2025-06-05 12:44:53.995323+00	
00000000-0000-0000-0000-000000000000	d2b48364-6226-48bf-89f9-8c84e7c7f662	{"action":"token_revoked","actor_id":"431a4bfb-5d06-42a7-b5e1-7cd38e619be2","actor_username":"admin2@hajj.com","actor_via_sso":false,"log_type":"token"}	2025-06-05 12:44:53.999773+00	
\.


--
-- Data for Name: flow_state; Type: TABLE DATA; Schema: auth; Owner: supabase_auth_admin
--

COPY auth.flow_state (id, user_id, auth_code, code_challenge_method, code_challenge, provider_type, provider_access_token, provider_refresh_token, created_at, updated_at, authentication_method, auth_code_issued_at) FROM stdin;
\.


--
-- Data for Name: identities; Type: TABLE DATA; Schema: auth; Owner: supabase_auth_admin
--

COPY auth.identities (provider_id, user_id, identity_data, provider, last_sign_in_at, created_at, updated_at, id) FROM stdin;
c78963b8-794a-4e4f-84b5-2b0ffe601862	c78963b8-794a-4e4f-84b5-2b0ffe601862	{"sub": "c78963b8-794a-4e4f-84b5-2b0ffe601862", "email": "heba96@yahoo.com", "email_verified": true, "phone_verified": false}	email	2025-05-17 14:54:34.284554+00	2025-05-17 14:54:34.284603+00	2025-05-17 14:54:34.284603+00	ee6b8b22-cfb7-476e-9243-5327723bbca5
431a4bfb-5d06-42a7-b5e1-7cd38e619be2	431a4bfb-5d06-42a7-b5e1-7cd38e619be2	{"sub": "431a4bfb-5d06-42a7-b5e1-7cd38e619be2", "email": "admin2@hajj.com", "email_verified": false, "phone_verified": false}	email	2025-05-17 14:58:03.816746+00	2025-05-17 14:58:03.816801+00	2025-05-17 14:58:03.816801+00	8523daff-0c30-4b96-b35c-66b8605035e6
d6f6c2f6-d1f2-439c-98d0-bf4b4b96da99	d6f6c2f6-d1f2-439c-98d0-bf4b4b96da99	{"sub": "d6f6c2f6-d1f2-439c-98d0-bf4b4b96da99", "email": "haiam@man2ad.com", "email_verified": false, "phone_verified": false}	email	2025-05-17 15:53:36.897496+00	2025-05-17 15:53:36.897546+00	2025-05-17 15:53:36.897546+00	bdcbb7b8-5d73-4d3f-b593-8990eb3a25ac
a7443871-e5b4-47a3-a72a-5cb3055091d5	a7443871-e5b4-47a3-a72a-5cb3055091d5	{"sub": "a7443871-e5b4-47a3-a72a-5cb3055091d5", "email": "hoba@hoba.com", "email_verified": false, "phone_verified": false}	email	2025-05-17 15:58:03.405664+00	2025-05-17 15:58:03.405717+00	2025-05-17 15:58:03.405717+00	43bf35f0-0ea7-4637-9494-b653d9bb6633
67895186-b74a-445d-9e82-026d90e25b30	67895186-b74a-445d-9e82-026d90e25b30	{"sub": "67895186-b74a-445d-9e82-026d90e25b30", "email": "koko@kolo.com", "email_verified": false, "phone_verified": false}	email	2025-05-17 17:13:37.311891+00	2025-05-17 17:13:37.311959+00	2025-05-17 17:13:37.311959+00	4776824f-eaf9-4281-a128-14ae4f77ed1f
091ccf7f-876c-47bc-8cf7-bafd2bd0bc2d	091ccf7f-876c-47bc-8cf7-bafd2bd0bc2d	{"sub": "091ccf7f-876c-47bc-8cf7-bafd2bd0bc2d", "email": "1@1.com", "email_verified": false, "phone_verified": false}	email	2025-05-17 17:16:04.830588+00	2025-05-17 17:16:04.830638+00	2025-05-17 17:16:04.830638+00	ae1f70e8-8811-4dda-b501-d180fcac55c6
a6c5698c-f432-45af-94a9-af89849bbcab	a6c5698c-f432-45af-94a9-af89849bbcab	{"sub": "a6c5698c-f432-45af-94a9-af89849bbcab", "email": "2@2.com", "email_verified": false, "phone_verified": false}	email	2025-05-17 17:30:38.93676+00	2025-05-17 17:30:38.936812+00	2025-05-17 17:30:38.936812+00	097c45e1-1e29-47a6-a172-de29323133de
91539523-b52a-4db1-994f-3488baa2ef68	91539523-b52a-4db1-994f-3488baa2ef68	{"sub": "91539523-b52a-4db1-994f-3488baa2ef68", "email": "3@3.com", "email_verified": false, "phone_verified": false}	email	2025-05-17 17:36:54.632464+00	2025-05-17 17:36:54.63251+00	2025-05-17 17:36:54.63251+00	4826de05-508d-40b6-8b65-862e2f95d3de
8af28eef-a440-44be-9e69-ddea9ecd4517	8af28eef-a440-44be-9e69-ddea9ecd4517	{"sub": "8af28eef-a440-44be-9e69-ddea9ecd4517", "email": "hala@hala.com", "email_verified": false, "phone_verified": false}	email	2025-05-17 17:38:55.019284+00	2025-05-17 17:38:55.019341+00	2025-05-17 17:38:55.019341+00	7511ed37-75f3-40ce-9ad2-d41974f3b3a7
8a4883e7-d67a-422b-bab3-d07a50521a90	8a4883e7-d67a-422b-bab3-d07a50521a90	{"sub": "8a4883e7-d67a-422b-bab3-d07a50521a90", "email": "fatma@mayo.com", "email_verified": false, "phone_verified": false}	email	2025-05-17 19:16:11.373229+00	2025-05-17 19:16:11.373292+00	2025-05-17 19:16:11.373292+00	a0a624ae-316e-4299-84e2-a94538ea338e
43b9e3ca-0ab1-45b8-ab79-fc163965f30e	43b9e3ca-0ab1-45b8-ab79-fc163965f30e	{"sub": "43b9e3ca-0ab1-45b8-ab79-fc163965f30e", "email": "aaaaa@hotmail.com", "email_verified": false, "phone_verified": false}	email	2025-05-17 21:13:10.625497+00	2025-05-17 21:13:10.625551+00	2025-05-17 21:13:10.625551+00	3cd1251f-b9b5-4e5c-9649-45425c2d63bf
\.


--
-- Data for Name: instances; Type: TABLE DATA; Schema: auth; Owner: supabase_auth_admin
--

COPY auth.instances (id, uuid, raw_base_config, created_at, updated_at) FROM stdin;
\.


--
-- Data for Name: mfa_amr_claims; Type: TABLE DATA; Schema: auth; Owner: supabase_auth_admin
--

COPY auth.mfa_amr_claims (session_id, created_at, updated_at, authentication_method, id) FROM stdin;
8c4d1715-8fa2-4c63-9ad5-4c532ab62039	2025-05-17 20:51:29.392511+00	2025-05-17 20:51:29.392511+00	password	891dcf08-886f-43c1-839d-e8c679d26445
b4acb156-51a9-4b9a-a1b7-26ee4ed763a1	2025-05-17 21:13:10.637202+00	2025-05-17 21:13:10.637202+00	password	6acc4522-1e90-4c9f-a9e6-927eff6ec5be
7f0e90cb-a0db-4c52-8bc3-f09d4112369f	2025-05-17 21:13:39.201963+00	2025-05-17 21:13:39.201963+00	password	67026212-581d-44fa-b4c5-cea2f3e7b2fb
fbfb1386-07c9-4b9d-bd13-c13402c4fcd8	2025-05-19 10:07:03.007273+00	2025-05-19 10:07:03.007273+00	password	96a33973-7216-4091-858d-bb8e3043fdf2
\.


--
-- Data for Name: mfa_challenges; Type: TABLE DATA; Schema: auth; Owner: supabase_auth_admin
--

COPY auth.mfa_challenges (id, factor_id, created_at, verified_at, ip_address, otp_code, web_authn_session_data) FROM stdin;
\.


--
-- Data for Name: mfa_factors; Type: TABLE DATA; Schema: auth; Owner: supabase_auth_admin
--

COPY auth.mfa_factors (id, user_id, friendly_name, factor_type, status, created_at, updated_at, secret, phone, last_challenged_at, web_authn_credential, web_authn_aaguid) FROM stdin;
\.


--
-- Data for Name: one_time_tokens; Type: TABLE DATA; Schema: auth; Owner: supabase_auth_admin
--

COPY auth.one_time_tokens (id, user_id, token_type, token_hash, relates_to, created_at, updated_at) FROM stdin;
\.


--
-- Data for Name: refresh_tokens; Type: TABLE DATA; Schema: auth; Owner: supabase_auth_admin
--

COPY auth.refresh_tokens (instance_id, id, token, user_id, revoked, created_at, updated_at, parent, session_id) FROM stdin;
00000000-0000-0000-0000-000000000000	64	fxwjsvfy6qvb	43b9e3ca-0ab1-45b8-ab79-fc163965f30e	f	2025-05-17 21:13:10.635802+00	2025-05-17 21:13:10.635802+00	\N	b4acb156-51a9-4b9a-a1b7-26ee4ed763a1
00000000-0000-0000-0000-000000000000	66	ql6cvytvir4g	43b9e3ca-0ab1-45b8-ab79-fc163965f30e	f	2025-05-17 21:13:39.200717+00	2025-05-17 21:13:39.200717+00	\N	7f0e90cb-a0db-4c52-8bc3-f09d4112369f
00000000-0000-0000-0000-000000000000	67	33luqemyc3q5	431a4bfb-5d06-42a7-b5e1-7cd38e619be2	t	2025-05-19 10:07:02.976125+00	2025-05-19 20:20:44.288855+00	\N	fbfb1386-07c9-4b9d-bd13-c13402c4fcd8
00000000-0000-0000-0000-000000000000	68	hluwi2z5twes	431a4bfb-5d06-42a7-b5e1-7cd38e619be2	t	2025-05-19 20:20:44.299016+00	2025-05-19 21:25:05.198369+00	33luqemyc3q5	fbfb1386-07c9-4b9d-bd13-c13402c4fcd8
00000000-0000-0000-0000-000000000000	69	6exje2fcz55q	431a4bfb-5d06-42a7-b5e1-7cd38e619be2	t	2025-05-19 21:25:05.203115+00	2025-05-20 20:43:33.808763+00	hluwi2z5twes	fbfb1386-07c9-4b9d-bd13-c13402c4fcd8
00000000-0000-0000-0000-000000000000	70	csddk4zjbnbt	431a4bfb-5d06-42a7-b5e1-7cd38e619be2	t	2025-05-20 20:43:33.818658+00	2025-05-21 01:42:41.538455+00	6exje2fcz55q	fbfb1386-07c9-4b9d-bd13-c13402c4fcd8
00000000-0000-0000-0000-000000000000	71	k6thp5bobgow	431a4bfb-5d06-42a7-b5e1-7cd38e619be2	t	2025-05-21 01:42:41.550061+00	2025-05-22 17:25:40.910426+00	csddk4zjbnbt	fbfb1386-07c9-4b9d-bd13-c13402c4fcd8
00000000-0000-0000-0000-000000000000	62	eqatrlb4qfdg	8a4883e7-d67a-422b-bab3-d07a50521a90	t	2025-05-17 20:51:29.389628+00	2025-05-25 22:03:22.26805+00	\N	8c4d1715-8fa2-4c63-9ad5-4c532ab62039
00000000-0000-0000-0000-000000000000	73	c53wzpkowbjm	8a4883e7-d67a-422b-bab3-d07a50521a90	f	2025-05-25 22:03:22.288634+00	2025-05-25 22:03:22.288634+00	eqatrlb4qfdg	8c4d1715-8fa2-4c63-9ad5-4c532ab62039
00000000-0000-0000-0000-000000000000	72	63twjrb65nme	431a4bfb-5d06-42a7-b5e1-7cd38e619be2	t	2025-05-22 17:25:40.939224+00	2025-05-26 14:04:51.233317+00	k6thp5bobgow	fbfb1386-07c9-4b9d-bd13-c13402c4fcd8
00000000-0000-0000-0000-000000000000	74	wlwwi4xecttv	431a4bfb-5d06-42a7-b5e1-7cd38e619be2	t	2025-05-26 14:04:51.250682+00	2025-05-26 15:58:44.910706+00	63twjrb65nme	fbfb1386-07c9-4b9d-bd13-c13402c4fcd8
00000000-0000-0000-0000-000000000000	75	mjexdlqik33h	431a4bfb-5d06-42a7-b5e1-7cd38e619be2	t	2025-05-26 15:58:44.912524+00	2025-05-28 17:02:35.349186+00	wlwwi4xecttv	fbfb1386-07c9-4b9d-bd13-c13402c4fcd8
00000000-0000-0000-0000-000000000000	76	cg5iwknltfue	431a4bfb-5d06-42a7-b5e1-7cd38e619be2	t	2025-05-28 17:02:35.368636+00	2025-05-30 17:15:38.595622+00	mjexdlqik33h	fbfb1386-07c9-4b9d-bd13-c13402c4fcd8
00000000-0000-0000-0000-000000000000	77	5crd3wty75p3	431a4bfb-5d06-42a7-b5e1-7cd38e619be2	t	2025-05-30 17:15:38.621019+00	2025-06-03 13:26:29.787064+00	cg5iwknltfue	fbfb1386-07c9-4b9d-bd13-c13402c4fcd8
00000000-0000-0000-0000-000000000000	78	smd6o6y4j7uk	431a4bfb-5d06-42a7-b5e1-7cd38e619be2	t	2025-06-03 13:26:29.806311+00	2025-06-03 16:50:55.515085+00	5crd3wty75p3	fbfb1386-07c9-4b9d-bd13-c13402c4fcd8
00000000-0000-0000-0000-000000000000	79	mj3lsws22wql	431a4bfb-5d06-42a7-b5e1-7cd38e619be2	t	2025-06-03 16:50:55.517737+00	2025-06-03 18:27:46.264281+00	smd6o6y4j7uk	fbfb1386-07c9-4b9d-bd13-c13402c4fcd8
00000000-0000-0000-0000-000000000000	80	2uiidp7ip7hf	431a4bfb-5d06-42a7-b5e1-7cd38e619be2	t	2025-06-03 18:27:46.265411+00	2025-06-05 08:21:33.76068+00	mj3lsws22wql	fbfb1386-07c9-4b9d-bd13-c13402c4fcd8
00000000-0000-0000-0000-000000000000	81	ypffmpcytztb	431a4bfb-5d06-42a7-b5e1-7cd38e619be2	t	2025-06-05 08:21:33.772608+00	2025-06-05 11:46:45.566004+00	2uiidp7ip7hf	fbfb1386-07c9-4b9d-bd13-c13402c4fcd8
00000000-0000-0000-0000-000000000000	82	7njjo6awruj4	431a4bfb-5d06-42a7-b5e1-7cd38e619be2	t	2025-06-05 11:46:45.573946+00	2025-06-05 12:44:54.000445+00	ypffmpcytztb	fbfb1386-07c9-4b9d-bd13-c13402c4fcd8
00000000-0000-0000-0000-000000000000	83	3b44kin2pbqb	431a4bfb-5d06-42a7-b5e1-7cd38e619be2	f	2025-06-05 12:44:54.004598+00	2025-06-05 12:44:54.004598+00	7njjo6awruj4	fbfb1386-07c9-4b9d-bd13-c13402c4fcd8
\.


--
-- Data for Name: saml_providers; Type: TABLE DATA; Schema: auth; Owner: supabase_auth_admin
--

COPY auth.saml_providers (id, sso_provider_id, entity_id, metadata_xml, metadata_url, attribute_mapping, created_at, updated_at, name_id_format) FROM stdin;
\.


--
-- Data for Name: saml_relay_states; Type: TABLE DATA; Schema: auth; Owner: supabase_auth_admin
--

COPY auth.saml_relay_states (id, sso_provider_id, request_id, for_email, redirect_to, created_at, updated_at, flow_state_id) FROM stdin;
\.


--
-- Data for Name: schema_migrations; Type: TABLE DATA; Schema: auth; Owner: supabase_auth_admin
--

COPY auth.schema_migrations (version) FROM stdin;
20171026211738
20171026211808
20171026211834
20180103212743
20180108183307
20180119214651
20180125194653
00
20210710035447
20210722035447
20210730183235
20210909172000
20210927181326
20211122151130
20211124214934
20211202183645
20220114185221
20220114185340
20220224000811
20220323170000
20220429102000
20220531120530
20220614074223
20220811173540
20221003041349
20221003041400
20221011041400
20221020193600
20221021073300
20221021082433
20221027105023
20221114143122
20221114143410
20221125140132
20221208132122
20221215195500
20221215195800
20221215195900
20230116124310
20230116124412
20230131181311
20230322519590
20230402418590
20230411005111
20230508135423
20230523124323
20230818113222
20230914180801
20231027141322
20231114161723
20231117164230
20240115144230
20240214120130
20240306115329
20240314092811
20240427152123
20240612123726
20240729123726
20240802193726
20240806073726
20241009103726
\.


--
-- Data for Name: sessions; Type: TABLE DATA; Schema: auth; Owner: supabase_auth_admin
--

COPY auth.sessions (id, user_id, created_at, updated_at, factor_id, aal, not_after, refreshed_at, user_agent, ip, tag) FROM stdin;
b4acb156-51a9-4b9a-a1b7-26ee4ed763a1	43b9e3ca-0ab1-45b8-ab79-fc163965f30e	2025-05-17 21:13:10.635001+00	2025-05-17 21:13:10.635001+00	\N	aal1	\N	\N	Mozilla/5.0 (iPhone; CPU iPhone OS 18_4_1 like Mac OS X) AppleWebKit/605.1.15 (KHTML, like Gecko) Version/18.4 Mobile/15E148 Safari/604.1	41.129.207.251	\N
7f0e90cb-a0db-4c52-8bc3-f09d4112369f	43b9e3ca-0ab1-45b8-ab79-fc163965f30e	2025-05-17 21:13:39.199884+00	2025-05-17 21:13:39.199884+00	\N	aal1	\N	\N	Mozilla/5.0 (iPhone; CPU iPhone OS 18_4_1 like Mac OS X) AppleWebKit/605.1.15 (KHTML, like Gecko) Version/18.4 Mobile/15E148 Safari/604.1	41.129.207.251	\N
8c4d1715-8fa2-4c63-9ad5-4c532ab62039	8a4883e7-d67a-422b-bab3-d07a50521a90	2025-05-17 20:51:29.386565+00	2025-05-25 22:03:22.305962+00	\N	aal1	\N	2025-05-25 22:03:22.305856	Mozilla/5.0 (Windows NT 10.0; Win64; x64) AppleWebKit/537.36 (KHTML, like Gecko) Chrome/136.0.0.0 Safari/537.36	197.39.64.211	\N
fbfb1386-07c9-4b9d-bd13-c13402c4fcd8	431a4bfb-5d06-42a7-b5e1-7cd38e619be2	2025-05-19 10:07:02.959059+00	2025-06-05 12:44:54.009166+00	\N	aal1	\N	2025-06-05 12:44:54.009078	Mozilla/5.0 (Linux; Android 10; K) AppleWebKit/537.36 (KHTML, like Gecko) Chrome/135.0.0.0 Mobile Safari/537.36	176.19.175.156	\N
\.


--
-- Data for Name: sso_domains; Type: TABLE DATA; Schema: auth; Owner: supabase_auth_admin
--

COPY auth.sso_domains (id, sso_provider_id, domain, created_at, updated_at) FROM stdin;
\.


--
-- Data for Name: sso_providers; Type: TABLE DATA; Schema: auth; Owner: supabase_auth_admin
--

COPY auth.sso_providers (id, resource_id, created_at, updated_at) FROM stdin;
\.


--
-- Data for Name: users; Type: TABLE DATA; Schema: auth; Owner: supabase_auth_admin
--

COPY auth.users (instance_id, id, aud, role, email, encrypted_password, email_confirmed_at, invited_at, confirmation_token, confirmation_sent_at, recovery_token, recovery_sent_at, email_change_token_new, email_change, email_change_sent_at, last_sign_in_at, raw_app_meta_data, raw_user_meta_data, is_super_admin, created_at, updated_at, phone, phone_confirmed_at, phone_change, phone_change_token, phone_change_sent_at, email_change_token_current, email_change_confirm_status, banned_until, reauthentication_token, reauthentication_sent_at, is_sso_user, deleted_at, is_anonymous) FROM stdin;
00000000-0000-0000-0000-000000000000	43b9e3ca-0ab1-45b8-ab79-fc163965f30e	authenticated	authenticated	aaaaa@hotmail.com	$2a$10$1Q9KZG/79pf6B9Fl5xp.6eu5MZOjydvHunRxk/3NHVBO7FMgQHTri	2025-05-17 21:13:10.629951+00	\N		\N		\N			\N	2025-05-17 21:13:39.199806+00	{"provider": "email", "providers": ["email"]}	{"sub": "43b9e3ca-0ab1-45b8-ab79-fc163965f30e", "email": "aaaaa@hotmail.com", "email_verified": true, "phone_verified": false}	\N	2025-05-17 21:13:10.620779+00	2025-05-17 21:13:39.201649+00	\N	\N			\N		0	\N		\N	f	\N	f
00000000-0000-0000-0000-000000000000	8a4883e7-d67a-422b-bab3-d07a50521a90	authenticated	authenticated	fatma@mayo.com	$2a$10$EsT3Iu2ZnzmppJyEJ99KzeJ2Yh4Hh2c9HPctvUBA3uuTqh7SLb3x6	2025-05-17 19:16:11.379247+00	\N		\N		\N			\N	2025-05-17 20:51:29.386483+00	{"provider": "email", "providers": ["email"]}	{"sub": "8a4883e7-d67a-422b-bab3-d07a50521a90", "email": "fatma@mayo.com", "email_verified": true, "phone_verified": false}	\N	2025-05-17 19:16:11.365719+00	2025-05-25 22:03:22.295262+00	\N	\N			\N		0	\N		\N	f	\N	f
00000000-0000-0000-0000-000000000000	d6f6c2f6-d1f2-439c-98d0-bf4b4b96da99	authenticated	authenticated	haiam@man2ad.com	$2a$10$wOtrliI8P5VIhVWK/L/hvur0voQ/MhyvjNjiL2ZAIZFQtI5UlUpFy	2025-05-17 15:53:36.901553+00	\N		\N		\N			\N	2025-05-17 15:54:41.507849+00	{"provider": "email", "providers": ["email"]}	{"sub": "d6f6c2f6-d1f2-439c-98d0-bf4b4b96da99", "email": "haiam@man2ad.com", "email_verified": true, "phone_verified": false}	\N	2025-05-17 15:53:36.890361+00	2025-05-17 15:54:41.51031+00	\N	\N			\N		0	\N		\N	f	\N	f
00000000-0000-0000-0000-000000000000	431a4bfb-5d06-42a7-b5e1-7cd38e619be2	authenticated	authenticated	admin2@hajj.com	$2a$10$IXKciwZL2htjM9NfrTuMS.iGdWxM5dejiUyC/By0JI9SYf4OUXoMm	2025-05-17 14:58:03.828409+00	\N		\N		\N			\N	2025-05-19 10:07:02.958388+00	{"provider": "email", "providers": ["email"]}	{"sub": "431a4bfb-5d06-42a7-b5e1-7cd38e619be2", "email": "admin2@hajj.com", "email_verified": true, "phone_verified": false}	\N	2025-05-17 14:58:03.764182+00	2025-06-05 12:44:54.006402+00	\N	\N			\N		0	\N		\N	f	\N	f
00000000-0000-0000-0000-000000000000	91539523-b52a-4db1-994f-3488baa2ef68	authenticated	authenticated	3@3.com	$2a$10$8kOZR0bxa8EKjQNFhuqV2eXym6IzWPVQHn4DQB0uiLskuh/baLwOu	2025-05-17 17:36:54.63605+00	\N		\N		\N			\N	2025-05-17 18:07:54.65106+00	{"provider": "email", "providers": ["email"]}	{"sub": "91539523-b52a-4db1-994f-3488baa2ef68", "email": "3@3.com", "email_verified": true, "phone_verified": false}	\N	2025-05-17 17:36:54.628588+00	2025-05-17 18:07:54.652809+00	\N	\N			\N		0	\N		\N	f	\N	f
00000000-0000-0000-0000-000000000000	67895186-b74a-445d-9e82-026d90e25b30	authenticated	authenticated	koko@kolo.com	$2a$10$gOBw7YuZN2vXCt8RrVtbtOx0gEJMPGkf6Umo3T29hRe1Ik7ZQLW86	2025-05-17 17:13:37.315976+00	\N		\N		\N			\N	2025-05-17 17:15:30.232486+00	{"provider": "email", "providers": ["email"]}	{"sub": "67895186-b74a-445d-9e82-026d90e25b30", "email": "koko@kolo.com", "email_verified": true, "phone_verified": false}	\N	2025-05-17 17:13:37.304778+00	2025-05-17 17:15:30.234308+00	\N	\N			\N		0	\N		\N	f	\N	f
00000000-0000-0000-0000-000000000000	a7443871-e5b4-47a3-a72a-5cb3055091d5	authenticated	authenticated	hoba@hoba.com	$2a$10$u83NWEctllvcumxyNau.Wu4cOrjE/GsqbwMMUtWBwgWtNI.335Bgi	2025-05-17 15:58:03.410697+00	\N		\N		\N			\N	2025-05-17 15:58:14.158933+00	{"provider": "email", "providers": ["email"]}	{"sub": "a7443871-e5b4-47a3-a72a-5cb3055091d5", "email": "hoba@hoba.com", "email_verified": true, "phone_verified": false}	\N	2025-05-17 15:58:03.400691+00	2025-05-17 15:58:14.161377+00	\N	\N			\N		0	\N		\N	f	\N	f
00000000-0000-0000-0000-000000000000	8af28eef-a440-44be-9e69-ddea9ecd4517	authenticated	authenticated	hala@hala.com	$2a$10$cTRbDO6AHCYKgCFhu4wmiuSX5jvt8eMgOwAvbfUlkoUEPEq3ughz2	2025-05-17 17:38:55.024472+00	\N		\N		\N			\N	2025-05-17 17:50:35.527076+00	{"provider": "email", "providers": ["email"]}	{"sub": "8af28eef-a440-44be-9e69-ddea9ecd4517", "email": "hala@hala.com", "email_verified": true, "phone_verified": false}	\N	2025-05-17 17:38:55.015141+00	2025-05-17 17:50:35.530848+00	\N	\N			\N		0	\N		\N	f	\N	f
00000000-0000-0000-0000-000000000000	091ccf7f-876c-47bc-8cf7-bafd2bd0bc2d	authenticated	authenticated	1@1.com	$2a$10$g2XAgcZuojCZBVzCaIu26OdjJZ.S4LQ1J3e1DDT3MlE/nc5aEcyVm	2025-05-17 17:16:04.835178+00	\N		\N		\N			\N	2025-05-17 19:19:56.734679+00	{"provider": "email", "providers": ["email"]}	{"sub": "091ccf7f-876c-47bc-8cf7-bafd2bd0bc2d", "email": "1@1.com", "email_verified": true, "phone_verified": false}	\N	2025-05-17 17:16:04.827263+00	2025-05-17 19:19:56.737585+00	\N	\N			\N		0	\N		\N	f	\N	f
00000000-0000-0000-0000-000000000000	c78963b8-794a-4e4f-84b5-2b0ffe601862	authenticated	authenticated	heba96@yahoo.com	$2a$10$1Bn/i3mEUpol2O.CIsqNde3a6DTfrFkYSzjX51ZZzgsJw9qL91jbm	2025-05-17 14:54:51.389257+00	\N		2025-05-17 14:54:34.288635+00		\N			\N	2025-05-17 19:31:59.056701+00	{"provider": "email", "providers": ["email"]}	{"sub": "c78963b8-794a-4e4f-84b5-2b0ffe601862", "email": "heba96@yahoo.com", "email_verified": true, "phone_verified": false}	\N	2025-05-17 14:54:34.279615+00	2025-05-17 20:48:09.357729+00	\N	\N			\N		0	\N		\N	f	\N	f
00000000-0000-0000-0000-000000000000	a6c5698c-f432-45af-94a9-af89849bbcab	authenticated	authenticated	2@2.com	$2a$10$Yx6GWmc28Musq3zBQssJKOsDlxXcBS580B7j8IIVHiSnd6OM.s19y	2025-05-17 17:30:38.94075+00	\N		\N		\N			\N	2025-05-17 19:20:30.497132+00	{"provider": "email", "providers": ["email"]}	{"sub": "a6c5698c-f432-45af-94a9-af89849bbcab", "email": "2@2.com", "email_verified": true, "phone_verified": false}	\N	2025-05-17 17:30:38.932453+00	2025-05-17 19:20:30.498916+00	\N	\N			\N		0	\N		\N	f	\N	f
\.


--
-- Data for Name: duaas; Type: TABLE DATA; Schema: public; Owner: postgres
--

COPY public.duaas (id, person_id, text, is_done, created_at) FROM stdin;
b3c87304-e2ff-49b0-8345-f267227423d8	bf846845-33cc-4378-b5c9-938deef35ef6	يوفق حمزة في الدراسة ويسهلها \n\nعليه\nوسليم لا ليه	t	2025-05-17 21:17:27.08102+00
0f960a5c-42ec-482f-b660-b3a98b258107	62bbcb2c-aef6-45fa-ae0a-0ae7e5d3bc3d	يهدلها عيالعا	t	2025-05-26 15:59:53.406972+00
779d55ca-9954-439d-a206-2a9f01926465	faada798-efd7-46af-9e8e-3314b1c3c9cd	اي حاجة يفتح عليكي بيها ربنا	t	2025-05-18 20:55:30.831082+00
21da8234-352c-45af-b53c-df6dcd6a6e1e	9fc49b8d-4016-4cfa-873e-09c6a42ef87f	يشفي ماما ويديها الصحة والعافية	t	2025-05-22 17:29:57.825131+00
7869491f-367b-48d7-9321-b2eccfa375dc	8b5aabde-fee0-4f46-bd7e-287aa35cfa1b	ادعيلي ربنا يريح قلبي وبالي ويبعد عني كل حاجة وحشة ويفرح قلبي باللي يتمناه ويرضيني ويرضى عني	t	2025-06-03 12:06:06.745908+00
7e86aef8-d1d8-475f-91a7-a77ca3e85c7f	eba05066-f5a4-4a08-a7f1-12e2abbcc4b4	يارب ألاقي شغل ف الحاجة اللي نفسي فيها	t	2025-06-05 04:46:18.18677+00
84a120bb-9a99-44b7-8082-0af9170cb291	9fc49b8d-4016-4cfa-873e-09c6a42ef87f	ينجي احمد ويجعل له مخرج ويرجع لنا قريب	t	2025-05-22 17:30:05.381692+00
e681523f-0dad-4381-884e-60e29c36c36d	9fc49b8d-4016-4cfa-873e-09c6a42ef87f	يوسع رزقنا ويبارك فيه	t	2025-05-22 17:30:10.701004+00
807aeea0-5416-4592-966a-789fdf26f096	5ba123b1-e595-4330-8881-ce2a6c1444e6	السلام عليكم\nربنا يتقبل منك الدعوات ويستحاب منك يارب\nادعي لامي بالرحمه والمغفره ويرزقها الجنه وينور قبرها ويحعل مرضها شفيع ليها ويسيقيها من يد الرسول شربه هينئه يوم القيامه ويثبتها ع الصراط اللهم امين ويجمعنا بيها ع خير ويرحم اموات المسلمين احمعين ويشفي بابا ويباركلنا فيه ويديه الصحه  والعافيه ويبارك ف رزقه ويشفيه ويعافيه ويطمنا عليه\nادعي لمي ربنا يجبر بخاطرها ويراضيها ويرضي عنها ويسعد قلبها ويكرمها بالذريه ويكرمهت بالحج عاجلا لبس اجلا\nادعيلي ربنا يسير امري ويفك كربي ويكرمني ويرزقني بالشغل والزوج الصالح ويجبر بخاطزي ويجعلني مستجابه الدعوه ويكرمني بالحج والعمره عاجلا لبس اجلا\nادعي لسلمي بنت نجوي بصلاح الحال ويخليها لعيالها ويهديهم ويرحم بابا ويبارك ف امها واخوها ويهدي جوزها\nادعي لاسراء بنت مني ربنا يكرمها ويرزقها ويشفي باباها وبكرمها بالزوج الصالح عاجلا ليس اجلا ويكرمها بالعمره\nادعي كتير لاموات المسلمين ربنا برحمهم ويغفولهم ويجعمنا بيهم ع خير\nمعلش طولت عليكي	t	2025-06-03 18:28:34.022186+00
ea092418-de94-4191-8620-058702f6d1c6	7a8ca3fb-6711-4c4b-b12d-273dc9bc4254	امين	t	2025-06-05 13:26:05.065191+00
a7b9e415-0c3f-4e11-8d14-56311301ce47	6f0476aa-dd51-455a-bea7-2c490c994c88	ربنا ياخد لي حقي من اللي ظلموني واشوف فيهم يوم عن قريب	f	2025-06-09 10:07:28.208031+00
acf386f5-1611-4e3c-94fc-4ae1eba3b42b	9fc49b8d-4016-4cfa-873e-09c6a42ef87f	يحفظ العيال ويوفقهم وينجحهم ويخليهم احسن الناس	t	2025-05-22 17:30:17.985933+00
15cf7ddd-eb08-43da-9292-e0e83d2367de	9fc49b8d-4016-4cfa-873e-09c6a42ef87f	يبعد عننا كل شر ويقرب لنا كل خير	t	2025-05-22 17:30:24.806255+00
788fc00f-ff38-4c2d-bc53-f374c24cd28e	9fc49b8d-4016-4cfa-873e-09c6a42ef87f	يحفظنا بعينه التي لا تنام ويرد عنا كيد اعدائنا	t	2025-05-22 17:30:35.570599+00
d2b5804c-dce5-4b4a-86ff-8a167bbf15b0	9fc49b8d-4016-4cfa-873e-09c6a42ef87f	يفك كرب معتز	t	2025-05-22 17:30:47.39612+00
1bf65143-7f97-4db1-8812-e6479d79b780	9fc49b8d-4016-4cfa-873e-09c6a42ef87f	يحفظ نورا وشيماء ويبارك ف العيال كلها	t	2025-05-22 17:30:54.751232+00
3bd4737b-71c9-41a6-8758-8f869dce92e4	62cbe0e9-5068-46f6-a90b-0996ee1acd0a	أخس وابقى احلى من المانجة العويسي	t	2025-05-18 21:04:27.773506+00
8dafdb8b-dffd-4259-aac4-5392ab00000b	62cbe0e9-5068-46f6-a90b-0996ee1acd0a	تم	f	2025-06-05 11:47:27.719551+00
05378737-7a1a-45cb-89b7-5d0f4bb7cd34	bf846845-33cc-4378-b5c9-938deef35ef6	ادعيلي بزيارة قريبة اوي اوي	t	2025-05-17 21:09:47.300915+00
f303b1a0-64a0-4686-a2a6-7a72940c2e68	bf846845-33cc-4378-b5c9-938deef35ef6	اترقى قريب اوي ويوسع رزقي وحينا حياة هانئة رغدة	t	2025-05-17 21:11:59.324616+00
9ad3fe5a-e252-4787-8ae6-1f4a88ba091f	bf846845-33cc-4378-b5c9-938deef35ef6	يرزقني برهم في حياتي وبعد مماتي	t	2025-05-17 21:13:42.207831+00
7b930e17-4af8-42d9-8fc6-14be8d407c32	bf846845-33cc-4378-b5c9-938deef35ef6	يجعلهم من سعداء الدارين ومن اعلى الناس شأنا وعلما ومن اغنى الناس وينفعهم بعلمهم ويستعملهم ولا يستبدلهم	t	2025-05-17 21:15:49.271095+00
f0d3496e-567e-4489-a090-ff2723d9767f	bf846845-33cc-4378-b5c9-938deef35ef6	يرزق حمزة وسليم الصحبة الصالحة	t	2025-05-17 21:17:39.950808+00
47d5763e-b593-4e5e-acd8-94acd408a284	bf846845-33cc-4378-b5c9-938deef35ef6	يجعلهم من حفظة كتاب الله ويألف بين قلوبهم وميحوجهمش لحد ابدا	t	2025-05-17 21:14:08.267618+00
d42a8646-0a7d-4c0d-b8cf-5d0f43bd2fb1	bf846845-33cc-4378-b5c9-938deef35ef6	يبعد عن حمزة وسليم القاسية قلوبهم واي حد ممكن يستغلهم او يضايقهم	t	2025-05-17 21:15:00.269374+00
2a4bda3d-58b0-484f-8e13-e98051cd8a26	a70cbf56-f686-497a-8ef4-d1f930465d64	ربنا يوفق العيال وينجحهم	t	2025-05-17 19:33:56.674831+00
64d37eaf-8e11-4c99-b406-255eed187794	62cbe0e9-5068-46f6-a90b-0996ee1acd0a	السلام أمانة لسيدنا النبي وقوليله هبة نفسها تزورك	t	2025-05-17 19:32:26.623051+00
d42c0b93-a69c-4d36-97a4-4e28ecc98b3a	62cbe0e9-5068-46f6-a90b-0996ee1acd0a	ربنا يوسع رزقي ويبارك فيه وما يحوجنيش لمخلوق	t	2025-05-17 19:32:38.844741+00
25da9836-fc93-49d3-8a33-b8d0c6a5edf6	a70cbf56-f686-497a-8ef4-d1f930465d64	ربنا يوسع رزقي ويبارك فيه ويسد ما عليا	t	2025-05-17 19:34:06.098777+00
59d683c4-a441-4d25-b7a1-8f34c30c396a	a70cbf56-f686-497a-8ef4-d1f930465d64	ربنا يوفقني لشغل جوة مصر او برة مصر	t	2025-05-17 19:34:16.183+00
10744522-9e9c-4b5a-9c43-3dafaf40f675	62cbe0e9-5068-46f6-a90b-0996ee1acd0a	ربنا يشفي العيال ويهديهم ويوفقهم وينجحهم ف حياتهم ودراستهم	t	2025-05-17 19:33:05.218582+00
f0af4804-f4d9-4e79-9e78-7e4b8d8eff1c	307a3e2d-7178-41ca-8be8-13a1d4c1903c	يارب	t	2025-05-30 17:25:56.478544+00
37ca4ab8-36e5-4806-bf80-56a02798a9da	84be6108-5279-493b-bc1a-211e3cb31877	وانا عايز 4 مليار دولار	t	2025-05-17 19:35:26.92858+00
ff60eb7a-bf0d-4d84-962a-01245d5c74d5	84be6108-5279-493b-bc1a-211e3cb31877	السلام امانة لسيدنا النبي	t	2025-05-17 19:35:34.311459+00
f93e3bc5-7dce-4abf-9950-3c2ef58cf6f1	beee5df5-d5f5-4ea0-b314-37735c5b77d5	اللهم امين يارب العالمين	t	2025-05-30 17:26:15.834072+00
2f5ef7b3-0b51-488d-b133-c2b22b9d3ca2	84be6108-5279-493b-bc1a-211e3cb31877	ربنا يرحم الوالد ويشفي الوالدة ويديها الصحة والعافية وطولة العمر ويوفق ولاد اخواتي ف حياتهم	t	2025-05-17 19:35:16.526454+00
578083d5-2f73-4869-a94b-f11ce497450d	bf846845-33cc-4378-b5c9-938deef35ef6	يخليلي حمزة وسليم ويخلينا ليهم انا وابوهم ومحدش يربي ولادنا غيرنا	t	2025-05-17 21:10:28.471255+00
2af82be4-85cf-441d-8441-e997393fac1f	bf846845-33cc-4378-b5c9-938deef35ef6	يقيني انا وحمزة وسليم ومحمد مصارع السوء وسئ الاسقام	t	2025-05-17 21:13:07.796147+00
ecd700ef-c876-45a6-b8e9-16bb1ee72589	ab2e3754-644d-41bc-aa5a-4511d7d94ec6	اللهم امين يارب العالمين	t	2025-05-30 17:26:31.984756+00
4078dce3-b74b-40f0-9a87-579f7d9dd271	bf846845-33cc-4378-b5c9-938deef35ef6	لا يبليني في حمزة وسليم ابدا	t	2025-05-17 21:13:31.061042+00
7a16d58e-c596-4ffe-bc85-de7a5bff9b7a	62cbe0e9-5068-46f6-a90b-0996ee1acd0a	ربنا يشفي كل امراضي ويرزقي الصحة والعافية لحد اخر يوم في عمري	t	2025-05-17 19:32:50.112142+00
9a257ce0-a2c4-47dc-b218-5a54b51526de	bf846845-33cc-4378-b5c9-938deef35ef6	تم في عرفة اول مرة	f	2025-06-05 11:50:02.866374+00
f303bdbb-fea0-4ab5-9ec0-cb223306b6af	83330244-6998-4087-b339-d92f06de8cdb	بخير الدنيا والاخرة	t	2025-06-03 13:27:17.757937+00
fea61767-e026-4a09-8f27-8ce5a3a4c020	68e2154f-1734-4f6b-ba4e-c8809baacc82	ربنا يشفي اختي ويطمني عليها ويخليها لعيالها	t	2025-06-03 20:22:46.687543+00
bc535b5f-a536-40df-9d08-94700c28308a	bfbff72c-ddbd-4ae8-85cb-5f538d73cc22	بولد اسمه محمد	t	2025-06-03 13:29:47.531688+00
68c9df2a-f869-49cc-8334-75268d649b64	45606ff0-e5e0-4068-a3ec-b03348ce8e95	ربنا يوفقني ويسهل لي اموري ويرزقني من حيث لا احتسب	t	2025-06-05 04:48:51.847666+00
43d4706a-2bf8-4a85-9f1f-0d025a169f98	f1114c3f-10ab-4f28-9040-7cffa4be7234	ربنا يشفيني	t	2025-06-05 04:49:16.341623+00
dd0d0994-7323-465b-86b2-1a30757a4379	f1114c3f-10ab-4f28-9040-7cffa4be7234	اطلع احج السنة الجاية	t	2025-06-05 04:49:25.994032+00
257ef255-50da-400d-a981-a4bfe5653ccd	f1114c3f-10ab-4f28-9040-7cffa4be7234	الاهلي يكسب كل البطولات	t	2025-06-05 04:49:36.657813+00
fbb590c0-5daf-431c-b6a5-594d80466209	3c126c38-8aca-4a44-90ea-00322c1a8677	ربنا يشفي صاحبتي ومانحتاجش عملية	f	2025-06-05 15:37:50.584528+00
d8f38325-9180-48e2-9366-c0d3d58d6620	62cbe0e9-5068-46f6-a90b-0996ee1acd0a	مليون دولار خالصة الضرايب	t	2025-05-17 19:33:12.836351+00
1e84e2e2-66f0-42aa-9eca-5fed0b9eb931	62cbe0e9-5068-46f6-a90b-0996ee1acd0a	ربنا يفك كرب احمد ويجعله مخرج من حيث لا نحتسب ولا يحتسب	t	2025-05-17 19:33:24.734675+00
\.


--
-- Data for Name: duaas_a; Type: TABLE DATA; Schema: public; Owner: postgres
--

COPY public.duaas_a (id, person_id, text, is_done, created_at) FROM stdin;
e56c2080-62ad-477c-9ef0-65b0382b01c2	951ae112-d38a-44ad-8f6b-63c8ea4ef390	يارب العيال تنجح وتفلح	f	2025-05-20 18:51:50.119999+00
dc0d59a8-254b-4d31-8d9c-04b9c674e200	951ae112-d38a-44ad-8f6b-63c8ea4ef390	يارب يشفيني	f	2025-05-20 19:23:21.367754+00
bd319061-2fb9-4c26-8dcc-1a731ee02d3c	951ae112-d38a-44ad-8f6b-63c8ea4ef390	يارب اهدي العيال وابعد عنها كل مؤذي	f	2025-05-20 19:25:47.234638+00
c86f369f-5cdb-4779-9a9a-2bcce9c2ffdd	953563df-a4b8-44dd-b947-fed53600cc2f	يا رب يا كريم اكرم ريهام بنت منى بكرمك و عطاءك يا واسع وسع عليها و على جوزها وولادها يا فاتح افتح عليها في شغلها و افتحةلها كل ابواب الرزق الحلال بارك لها في صحتها و اموالها و ولادها و وقتها و بارك لها فؤ سعيها زي ما باركت لهاجر ام اسماعيل	f	2025-05-30 19:34:11.731522+00
e6b9a895-913a-460f-bc83-0f758fd6d911	953563df-a4b8-44dd-b947-fed53600cc2f	يا رب سليم ابن ريهام افتح عليه و اكرمه و بارك له في مستقبله افتح له ابواب الرزق في تعليمه و مستقبله يا رب يوسف ابن ريهام توفقه و تبارك له و تكتب له الخير في زوجه صالحه و ذريه طيبه يا رب ارزقهم صحبه الاخيار و خصال الاطهار و التوكل عليك يا جبار يا رب بارك لاسامه ابن كاميليا و رده اليك ردا جميلا و ابعد عنه ولاد الحرام و اكفيه شر الشيطان الرجيم و افتح له ابواب الرزق و الفتح يا رب افتح على ريهام بنت منى و اكتب لها الخير في شغل الكوتشنج و احعل افئده من الناس تهوي اليها و احعل ليها خير الاثر في الدنيا و احسن خاتمتها و ارزقها الجنه بلا حساب او سابقه عذاب	f	2025-05-30 19:39:55.510139+00
\.


--
-- Data for Name: people; Type: TABLE DATA; Schema: public; Owner: postgres
--

COPY public.people (id, name, created_at, user_id, user_email) FROM stdin;
62cbe0e9-5068-46f6-a90b-0996ee1acd0a	هبة	2025-05-17 19:32:11.068632+00	\N	heba96@yahoo.com
a70cbf56-f686-497a-8ef4-d1f930465d64	د. عبد الراضي	2025-05-17 19:33:47.940862+00	\N	heba96@yahoo.com
84be6108-5279-493b-bc1a-211e3cb31877	د. خالد	2025-05-17 19:34:48.499708+00	\N	heba96@yahoo.com
bf846845-33cc-4378-b5c9-938deef35ef6	فاطمة	2025-05-17 21:06:28.391559+00	\N	\N
faada798-efd7-46af-9e8e-3314b1c3c9cd	احمد عبد العظيم	2025-05-18 20:55:16.902001+00	\N	\N
62bbcb2c-aef6-45fa-ae0a-0ae7e5d3bc3d	دلال	2025-05-19 10:07:25.262342+00	\N	admin2@hajj.com
bfd631df-3f78-405b-b413-966a3eeee216	حبيية صاحبة حبيبة	2025-05-19 10:07:39.662001+00	\N	admin2@hajj.com
eff9b0dc-2579-4459-bd84-072a86febe14	احمد ابو طالب	2025-05-19 10:07:52.782817+00	\N	admin2@hajj.com
9d5b7d0f-dd2f-4818-9c02-69b038a0aff6	اميرة الشربيني	2025-05-19 10:08:29.524689+00	\N	admin2@hajj.com
6b387a5e-cedc-491c-8a05-104043fa79fa	شذي	2025-05-19 10:08:56.65014+00	\N	admin2@hajj.com
5b21d51c-a7f0-43d3-84f9-3cc3f8d0cead	امال	2025-05-19 10:09:03.697874+00	\N	admin2@hajj.com
ccc7020c-765c-4b85-aa59-34da951a5040	شيماء وهبه	2025-05-19 10:09:20.077021+00	\N	admin2@hajj.com
9b331ff2-6a0a-4c16-b780-dc1277ae77a6	ثناء	2025-05-19 10:10:13.729335+00	\N	admin2@hajj.com
5e29edda-71ac-4afa-9e04-c09de34d406e	مروة وولاء. مي	2025-05-19 10:10:34.348494+00	\N	admin2@hajj.com
c2ec1ed6-0980-43b7-a973-954940d0193c	نرمين اسماء عزه نصرة اسراء	2025-05-19 10:14:43.708347+00	\N	admin2@hajj.com
9fc49b8d-4016-4cfa-873e-09c6a42ef87f	هبة حسب النبي	2025-05-22 17:29:50.058662+00	\N	\N
beee5df5-d5f5-4ea0-b314-37735c5b77d5	غزة واهلها ربنا يرفع عنهم البلاء وينصرهم على الصهاينة	2025-05-25 22:03:54.459337+00	\N	\N
307a3e2d-7178-41ca-8be8-13a1d4c1903c	لاحمد وزمايله كلهم ربنا يفرجها عليهم	2025-05-26 18:31:18.43685+00	\N	\N
ab2e3754-644d-41bc-aa5a-4511d7d94ec6	كريم صاحب احمد ربنا يقر عين اهله بيه قريبا	2025-05-26 18:31:37.278001+00	\N	\N
8b5aabde-fee0-4f46-bd7e-287aa35cfa1b	رنا	2025-06-03 11:44:16.821606+00	\N	\N
83330244-6998-4087-b339-d92f06de8cdb	سلمي بن مد	2025-06-03 13:26:56.099876+00	\N	admin2@hajj.com
302aaa25-a81c-4000-83d7-b335ae935706	حسان الاحمد/ محمود السيد	2025-06-03 13:28:11.006735+00	\N	admin2@hajj.com
2304c635-e089-4e0e-85a7-893ea8cb51a0	احمد شعبان وناديف وشيماء رمضان	2025-06-03 13:29:00.425974+00	\N	admin2@hajj.com
bfbff72c-ddbd-4ae8-85cb-5f538d73cc22	سليمة بنت الاشراف محمد	2025-06-03 13:29:30.993964+00	\N	admin2@hajj.com
5ba123b1-e595-4330-8881-ce2a6c1444e6	منة محسن	2025-06-03 18:28:16.027306+00	\N	admin2@hajj.com
68e2154f-1734-4f6b-ba4e-c8809baacc82	موكا	2025-06-03 20:22:36.316665+00	\N	\N
f13617b1-52fa-4796-8cb9-cd46cf8be2e7	ميادة	2025-06-05 04:43:13.70166+00	\N	\N
eba05066-f5a4-4a08-a7f1-12e2abbcc4b4	تقي	2025-06-05 04:45:51.701636+00	\N	\N
45606ff0-e5e0-4068-a3ec-b03348ce8e95	شهد	2025-06-05 04:46:50.102026+00	\N	\N
f1114c3f-10ab-4f28-9040-7cffa4be7234	ريهام	2025-06-05 04:49:07.551744+00	\N	\N
7a8ca3fb-6711-4c4b-b12d-273dc9bc4254	ما تنسيش تدعي ع اللي مسود عيشتنا وواكل قوتنا ربنا ينتقم منه ويخلصنا منه	2025-06-05 10:22:00.816242+00	\N	\N
3c126c38-8aca-4a44-90ea-00322c1a8677	الحاجة ليلي	2025-06-05 15:37:35.35145+00	\N	\N
6f0476aa-dd51-455a-bea7-2c490c994c88	انجي	2025-06-09 10:07:03.113388+00	\N	\N
64d1a3dd-a501-4a1e-9435-7e0736ca8164	عبير انور	2025-06-12 12:40:36.480523+00	\N	\N
\.


--
-- Data for Name: people_a; Type: TABLE DATA; Schema: public; Owner: postgres
--

COPY public.people_a (id, name, created_at, user_id, user_email) FROM stdin;
951ae112-d38a-44ad-8f6b-63c8ea4ef390	هيام	2025-05-20 18:48:07.273405+00	\N	\N
407e41e1-3713-4644-8308-ffb21118d3b6	هبة	2025-05-20 19:28:37.649579+00	\N	\N
1b00b1c1-f5c6-491c-ba0b-c4c545f4bb79	فاطمة	2025-05-20 22:05:57.361574+00	\N	\N
953563df-a4b8-44dd-b947-fed53600cc2f	Reham	2025-05-21 05:59:37.729609+00	\N	\N
828d0e1c-df6d-4104-a041-8c12a787bdc4	Hanzada	2025-05-21 05:59:59.859613+00	\N	\N
31e7bc17-75c8-4ac7-bf58-8aedf9aae3d1	Ismail	2025-05-21 06:00:06.283534+00	\N	\N
\.


--
-- Data for Name: messages_2025_05_15; Type: TABLE DATA; Schema: realtime; Owner: supabase_admin
--

COPY realtime.messages_2025_05_15 (topic, extension, payload, event, private, updated_at, inserted_at, id) FROM stdin;
\.


--
-- Data for Name: messages_2025_05_16; Type: TABLE DATA; Schema: realtime; Owner: supabase_admin
--

COPY realtime.messages_2025_05_16 (topic, extension, payload, event, private, updated_at, inserted_at, id) FROM stdin;
\.


--
-- Data for Name: messages_2025_05_17; Type: TABLE DATA; Schema: realtime; Owner: supabase_admin
--

COPY realtime.messages_2025_05_17 (topic, extension, payload, event, private, updated_at, inserted_at, id) FROM stdin;
\.


--
-- Data for Name: messages_2025_05_18; Type: TABLE DATA; Schema: realtime; Owner: supabase_admin
--

COPY realtime.messages_2025_05_18 (topic, extension, payload, event, private, updated_at, inserted_at, id) FROM stdin;
\.


--
-- Data for Name: messages_2025_05_19; Type: TABLE DATA; Schema: realtime; Owner: supabase_admin
--

COPY realtime.messages_2025_05_19 (topic, extension, payload, event, private, updated_at, inserted_at, id) FROM stdin;
\.


--
-- Data for Name: schema_migrations; Type: TABLE DATA; Schema: realtime; Owner: supabase_admin
--

COPY realtime.schema_migrations (version, inserted_at) FROM stdin;
20211116024918	2025-05-16 20:26:09
20211116045059	2025-05-16 20:26:11
20211116050929	2025-05-16 20:26:13
20211116051442	2025-05-16 20:26:14
20211116212300	2025-05-16 20:26:16
20211116213355	2025-05-16 20:26:18
20211116213934	2025-05-16 20:26:19
20211116214523	2025-05-16 20:26:21
20211122062447	2025-05-16 20:26:23
20211124070109	2025-05-16 20:26:25
20211202204204	2025-05-16 20:26:26
20211202204605	2025-05-16 20:26:28
20211210212804	2025-05-16 20:26:33
20211228014915	2025-05-16 20:26:34
20220107221237	2025-05-16 20:26:36
20220228202821	2025-05-16 20:26:38
20220312004840	2025-05-16 20:26:39
20220603231003	2025-05-16 20:26:42
20220603232444	2025-05-16 20:26:43
20220615214548	2025-05-16 20:26:45
20220712093339	2025-05-16 20:26:47
20220908172859	2025-05-16 20:26:48
20220916233421	2025-05-16 20:26:50
20230119133233	2025-05-16 20:26:52
20230128025114	2025-05-16 20:26:54
20230128025212	2025-05-16 20:26:55
20230227211149	2025-05-16 20:26:57
20230228184745	2025-05-16 20:26:59
20230308225145	2025-05-16 20:27:00
20230328144023	2025-05-16 20:27:02
20231018144023	2025-05-16 20:27:04
20231204144023	2025-05-16 20:27:06
20231204144024	2025-05-16 20:27:08
20231204144025	2025-05-16 20:27:09
20240108234812	2025-05-16 20:27:11
20240109165339	2025-05-16 20:27:12
20240227174441	2025-05-16 20:27:15
20240311171622	2025-05-16 20:27:18
20240321100241	2025-05-16 20:27:21
20240401105812	2025-05-16 20:27:25
20240418121054	2025-05-16 20:27:28
20240523004032	2025-05-16 20:27:33
20240618124746	2025-05-16 20:27:35
20240801235015	2025-05-16 20:27:37
20240805133720	2025-05-16 20:27:38
20240827160934	2025-05-16 20:27:40
20240919163303	2025-05-16 20:27:42
20240919163305	2025-05-16 20:27:43
20241019105805	2025-05-16 20:27:45
20241030150047	2025-05-16 20:27:51
20241108114728	2025-05-16 20:27:53
20241121104152	2025-05-16 20:27:55
20241130184212	2025-05-16 20:27:57
20241220035512	2025-05-16 20:27:58
20241220123912	2025-05-16 20:28:00
20241224161212	2025-05-16 20:28:02
20250107150512	2025-05-16 20:28:03
20250110162412	2025-05-16 20:28:05
20250123174212	2025-05-16 20:28:06
20250128220012	2025-05-16 20:28:08
\.


--
-- Data for Name: subscription; Type: TABLE DATA; Schema: realtime; Owner: supabase_admin
--

COPY realtime.subscription (id, subscription_id, entity, filters, claims, created_at) FROM stdin;
\.


--
-- Data for Name: buckets; Type: TABLE DATA; Schema: storage; Owner: supabase_storage_admin
--

COPY storage.buckets (id, name, owner, created_at, updated_at, public, avif_autodetection, file_size_limit, allowed_mime_types, owner_id) FROM stdin;
\.


--
-- Data for Name: migrations; Type: TABLE DATA; Schema: storage; Owner: supabase_storage_admin
--

COPY storage.migrations (id, name, hash, executed_at) FROM stdin;
0	create-migrations-table	e18db593bcde2aca2a408c4d1100f6abba2195df	2025-05-16 20:26:07.390848
1	initialmigration	6ab16121fbaa08bbd11b712d05f358f9b555d777	2025-05-16 20:26:07.396858
2	storage-schema	5c7968fd083fcea04050c1b7f6253c9771b99011	2025-05-16 20:26:07.401929
3	pathtoken-column	2cb1b0004b817b29d5b0a971af16bafeede4b70d	2025-05-16 20:26:07.426592
4	add-migrations-rls	427c5b63fe1c5937495d9c635c263ee7a5905058	2025-05-16 20:26:07.454445
5	add-size-functions	79e081a1455b63666c1294a440f8ad4b1e6a7f84	2025-05-16 20:26:07.459999
6	change-column-name-in-get-size	f93f62afdf6613ee5e7e815b30d02dc990201044	2025-05-16 20:26:07.466342
7	add-rls-to-buckets	e7e7f86adbc51049f341dfe8d30256c1abca17aa	2025-05-16 20:26:07.472357
8	add-public-to-buckets	fd670db39ed65f9d08b01db09d6202503ca2bab3	2025-05-16 20:26:07.47848
9	fix-search-function	3a0af29f42e35a4d101c259ed955b67e1bee6825	2025-05-16 20:26:07.484627
10	search-files-search-function	68dc14822daad0ffac3746a502234f486182ef6e	2025-05-16 20:26:07.491297
11	add-trigger-to-auto-update-updated_at-column	7425bdb14366d1739fa8a18c83100636d74dcaa2	2025-05-16 20:26:07.497699
12	add-automatic-avif-detection-flag	8e92e1266eb29518b6a4c5313ab8f29dd0d08df9	2025-05-16 20:26:07.505586
13	add-bucket-custom-limits	cce962054138135cd9a8c4bcd531598684b25e7d	2025-05-16 20:26:07.51172
14	use-bytes-for-max-size	941c41b346f9802b411f06f30e972ad4744dad27	2025-05-16 20:26:07.518359
15	add-can-insert-object-function	934146bc38ead475f4ef4b555c524ee5d66799e5	2025-05-16 20:26:07.549334
16	add-version	76debf38d3fd07dcfc747ca49096457d95b1221b	2025-05-16 20:26:07.556018
17	drop-owner-foreign-key	f1cbb288f1b7a4c1eb8c38504b80ae2a0153d101	2025-05-16 20:26:07.563816
18	add_owner_id_column_deprecate_owner	e7a511b379110b08e2f214be852c35414749fe66	2025-05-16 20:26:07.573253
19	alter-default-value-objects-id	02e5e22a78626187e00d173dc45f58fa66a4f043	2025-05-16 20:26:07.583877
20	list-objects-with-delimiter	cd694ae708e51ba82bf012bba00caf4f3b6393b7	2025-05-16 20:26:07.591324
21	s3-multipart-uploads	8c804d4a566c40cd1e4cc5b3725a664a9303657f	2025-05-16 20:26:07.60256
22	s3-multipart-uploads-big-ints	9737dc258d2397953c9953d9b86920b8be0cdb73	2025-05-16 20:26:07.636452
23	optimize-search-function	9d7e604cddc4b56a5422dc68c9313f4a1b6f132c	2025-05-16 20:26:07.665476
24	operation-function	8312e37c2bf9e76bbe841aa5fda889206d2bf8aa	2025-05-16 20:26:07.671362
25	custom-metadata	d974c6057c3db1c1f847afa0e291e6165693b990	2025-05-16 20:26:07.677461
\.


--
-- Data for Name: objects; Type: TABLE DATA; Schema: storage; Owner: supabase_storage_admin
--

COPY storage.objects (id, bucket_id, name, owner, created_at, updated_at, last_accessed_at, metadata, version, owner_id, user_metadata) FROM stdin;
\.


--
-- Data for Name: s3_multipart_uploads; Type: TABLE DATA; Schema: storage; Owner: supabase_storage_admin
--

COPY storage.s3_multipart_uploads (id, in_progress_size, upload_signature, bucket_id, key, version, owner_id, created_at, user_metadata) FROM stdin;
\.


--
-- Data for Name: s3_multipart_uploads_parts; Type: TABLE DATA; Schema: storage; Owner: supabase_storage_admin
--

COPY storage.s3_multipart_uploads_parts (id, upload_id, size, part_number, bucket_id, key, etag, owner_id, version, created_at) FROM stdin;
\.


--
-- Data for Name: schema_migrations; Type: TABLE DATA; Schema: supabase_migrations; Owner: postgres
--

COPY supabase_migrations.schema_migrations (version, statements, name) FROM stdin;
20250516204652	{"\\\\n\\\\n-- Create people table\\\\nCREATE TABLE IF NOT EXISTS people (\\\\n  id uuid PRIMARY KEY DEFAULT gen_random_uuid(),\\\\n  name text NOT NULL,\\\\n  created_at timestamptz DEFAULT now()\\\\n)","\\\\n\\\\n-- Create duaas table with foreign key reference to people\\\\nCREATE TABLE IF NOT EXISTS duaas (\\\\n  id uuid PRIMARY KEY DEFAULT gen_random_uuid(),\\\\n  person_id uuid REFERENCES people(id) ON DELETE CASCADE,\\\\n  text text NOT NULL,\\\\n  is_done boolean DEFAULT false,\\\\n  created_at timestamptz DEFAULT now()\\\\n)","\\\\n\\\\n-- Enable Row Level Security\\\\nALTER TABLE people ENABLE ROW LEVEL SECURITY","\\\\nALTER TABLE duaas ENABLE ROW LEVEL SECURITY","\\\\n\\\\n-- Create policies for authenticated users\\\\nCREATE POLICY \\"Anyone can view people\\" \\\\n  ON people FOR SELECT \\\\n  USING (true)","\\\\n\\\\nCREATE POLICY \\"Anyone can insert people\\" \\\\n  ON people FOR INSERT \\\\n  WITH CHECK (true)","\\\\n\\\\nCREATE POLICY \\"Anyone can update people\\" \\\\n  ON people FOR UPDATE \\\\n  USING (true)","\\\\n\\\\nCREATE POLICY \\"Anyone can delete people\\" \\\\n  ON people FOR DELETE \\\\n  USING (true)","\\\\n\\\\nCREATE POLICY \\"Anyone can view duaas\\" \\\\n  ON duaas FOR SELECT \\\\n  USING (true)","\\\\n\\\\nCREATE POLICY \\"Anyone can insert duaas\\" \\\\n  ON duaas FOR INSERT \\\\n  WITH CHECK (true)","\\\\n\\\\nCREATE POLICY \\"Anyone can update duaas\\" \\\\n  ON duaas FOR UPDATE \\\\n  USING (true)","\\\\n\\\\nCREATE POLICY \\"Anyone can delete duaas\\" \\\\n  ON duaas FOR DELETE \\\\n  USING (true)",""}	stark_salad
20250516211807	{"\\\\n\\\\n-- Create the 'persons' table\\\\nCREATE TABLE IF NOT EXISTS persons (\\\\n  id UUID PRIMARY KEY DEFAULT gen_random_uuid(),\\\\n  name TEXT NOT NULL,\\\\n  created_at TIMESTAMPTZ DEFAULT now()\\\\n)","\\\\n\\\\n-- Create the 'duaas' table with foreign key reference to persons\\\\nCREATE TABLE IF NOT EXISTS duaas (\\\\n  id UUID PRIMARY KEY DEFAULT gen_random_uuid(),\\\\n  person_id UUID REFERENCES persons(id) ON DELETE CASCADE,\\\\n  content TEXT NOT NULL,\\\\n  is_completed BOOLEAN DEFAULT false,\\\\n  created_at TIMESTAMPTZ DEFAULT now()\\\\n)","\\\\n\\\\n-- Enable Row Level Security\\\\nALTER TABLE persons ENABLE ROW LEVEL SECURITY","\\\\nALTER TABLE duaas ENABLE ROW LEVEL SECURITY","\\\\n\\\\n-- Create policies for the 'persons' table\\\\nCREATE POLICY \\"Users can view persons\\" \\\\n  ON persons\\\\n  FOR SELECT \\\\n  TO authenticated\\\\n  USING (true)","\\\\n\\\\nCREATE POLICY \\"Users can insert persons\\" \\\\n  ON persons\\\\n  FOR INSERT \\\\n  TO authenticated\\\\n  WITH CHECK (true)","\\\\n\\\\nCREATE POLICY \\"Users can update persons\\" \\\\n  ON persons\\\\n  FOR UPDATE \\\\n  TO authenticated\\\\n  USING (true)","\\\\n\\\\nCREATE POLICY \\"Users can delete persons\\" \\\\n  ON persons\\\\n  FOR DELETE \\\\n  TO authenticated\\\\n  USING (true)","\\\\n\\\\n-- Create policies for the 'duaas' table\\\\nCREATE POLICY \\"Users can view duaas\\" \\\\n  ON duaas\\\\n  FOR SELECT \\\\n  TO authenticated\\\\n  USING (true)","\\\\n\\\\nCREATE POLICY \\"Users can insert duaas\\" \\\\n  ON duaas\\\\n  FOR INSERT \\\\n  TO authenticated\\\\n  WITH CHECK (true)","\\\\n\\\\nCREATE POLICY \\"Users can update duaas\\" \\\\n  ON duaas\\\\n  FOR UPDATE \\\\n  TO authenticated\\\\n  USING (true)","\\\\n\\\\nCREATE POLICY \\"Users can delete duaas\\" \\\\n  ON duaas\\\\n  FOR DELETE \\\\n  TO authenticated\\\\n  USING (true)",""}	bronze_dust
20250516211931	{"\\\\n\\\\n-- Drop existing policies\\\\nDROP POLICY IF EXISTS \\"Users can delete persons\\" ON persons","\\\\nDROP POLICY IF EXISTS \\"Users can insert persons\\" ON persons","\\\\nDROP POLICY IF EXISTS \\"Users can update persons\\" ON persons","\\\\nDROP POLICY IF EXISTS \\"Users can view persons\\" ON persons","\\\\n\\\\n-- Create new policies\\\\nCREATE POLICY \\"Enable read access for all users\\" ON persons\\\\n  FOR SELECT USING (true)","\\\\n\\\\nCREATE POLICY \\"Enable insert access for all users\\" ON persons\\\\n  FOR INSERT WITH CHECK (true)","\\\\n\\\\nCREATE POLICY \\"Enable update access for all users\\" ON persons\\\\n  FOR UPDATE USING (true)","\\\\n\\\\nCREATE POLICY \\"Enable delete access for all users\\" ON persons\\\\n  FOR DELETE USING (true)",""}	cool_dawn
\.


--
-- Data for Name: secrets; Type: TABLE DATA; Schema: vault; Owner: supabase_admin
--

COPY vault.secrets (id, name, description, secret, key_id, nonce, created_at, updated_at) FROM stdin;
\.


--
-- Name: refresh_tokens_id_seq; Type: SEQUENCE SET; Schema: auth; Owner: supabase_auth_admin
--

SELECT pg_catalog.setval('auth.refresh_tokens_id_seq', 83, true);


--
-- Name: subscription_id_seq; Type: SEQUENCE SET; Schema: realtime; Owner: supabase_admin
--

SELECT pg_catalog.setval('realtime.subscription_id_seq', 1, false);


--
-- Name: mfa_amr_claims amr_id_pk; Type: CONSTRAINT; Schema: auth; Owner: supabase_auth_admin
--

ALTER TABLE ONLY auth.mfa_amr_claims
    ADD CONSTRAINT amr_id_pk PRIMARY KEY (id);


--
-- Name: audit_log_entries audit_log_entries_pkey; Type: CONSTRAINT; Schema: auth; Owner: supabase_auth_admin
--

ALTER TABLE ONLY auth.audit_log_entries
    ADD CONSTRAINT audit_log_entries_pkey PRIMARY KEY (id);


--
-- Name: flow_state flow_state_pkey; Type: CONSTRAINT; Schema: auth; Owner: supabase_auth_admin
--

ALTER TABLE ONLY auth.flow_state
    ADD CONSTRAINT flow_state_pkey PRIMARY KEY (id);


--
-- Name: identities identities_pkey; Type: CONSTRAINT; Schema: auth; Owner: supabase_auth_admin
--

ALTER TABLE ONLY auth.identities
    ADD CONSTRAINT identities_pkey PRIMARY KEY (id);


--
-- Name: identities identities_provider_id_provider_unique; Type: CONSTRAINT; Schema: auth; Owner: supabase_auth_admin
--

ALTER TABLE ONLY auth.identities
    ADD CONSTRAINT identities_provider_id_provider_unique UNIQUE (provider_id, provider);


--
-- Name: instances instances_pkey; Type: CONSTRAINT; Schema: auth; Owner: supabase_auth_admin
--

ALTER TABLE ONLY auth.instances
    ADD CONSTRAINT instances_pkey PRIMARY KEY (id);


--
-- Name: mfa_amr_claims mfa_amr_claims_session_id_authentication_method_pkey; Type: CONSTRAINT; Schema: auth; Owner: supabase_auth_admin
--

ALTER TABLE ONLY auth.mfa_amr_claims
    ADD CONSTRAINT mfa_amr_claims_session_id_authentication_method_pkey UNIQUE (session_id, authentication_method);


--
-- Name: mfa_challenges mfa_challenges_pkey; Type: CONSTRAINT; Schema: auth; Owner: supabase_auth_admin
--

ALTER TABLE ONLY auth.mfa_challenges
    ADD CONSTRAINT mfa_challenges_pkey PRIMARY KEY (id);


--
-- Name: mfa_factors mfa_factors_last_challenged_at_key; Type: CONSTRAINT; Schema: auth; Owner: supabase_auth_admin
--

ALTER TABLE ONLY auth.mfa_factors
    ADD CONSTRAINT mfa_factors_last_challenged_at_key UNIQUE (last_challenged_at);


--
-- Name: mfa_factors mfa_factors_pkey; Type: CONSTRAINT; Schema: auth; Owner: supabase_auth_admin
--

ALTER TABLE ONLY auth.mfa_factors
    ADD CONSTRAINT mfa_factors_pkey PRIMARY KEY (id);


--
-- Name: one_time_tokens one_time_tokens_pkey; Type: CONSTRAINT; Schema: auth; Owner: supabase_auth_admin
--

ALTER TABLE ONLY auth.one_time_tokens
    ADD CONSTRAINT one_time_tokens_pkey PRIMARY KEY (id);


--
-- Name: refresh_tokens refresh_tokens_pkey; Type: CONSTRAINT; Schema: auth; Owner: supabase_auth_admin
--

ALTER TABLE ONLY auth.refresh_tokens
    ADD CONSTRAINT refresh_tokens_pkey PRIMARY KEY (id);


--
-- Name: refresh_tokens refresh_tokens_token_unique; Type: CONSTRAINT; Schema: auth; Owner: supabase_auth_admin
--

ALTER TABLE ONLY auth.refresh_tokens
    ADD CONSTRAINT refresh_tokens_token_unique UNIQUE (token);


--
-- Name: saml_providers saml_providers_entity_id_key; Type: CONSTRAINT; Schema: auth; Owner: supabase_auth_admin
--

ALTER TABLE ONLY auth.saml_providers
    ADD CONSTRAINT saml_providers_entity_id_key UNIQUE (entity_id);


--
-- Name: saml_providers saml_providers_pkey; Type: CONSTRAINT; Schema: auth; Owner: supabase_auth_admin
--

ALTER TABLE ONLY auth.saml_providers
    ADD CONSTRAINT saml_providers_pkey PRIMARY KEY (id);


--
-- Name: saml_relay_states saml_relay_states_pkey; Type: CONSTRAINT; Schema: auth; Owner: supabase_auth_admin
--

ALTER TABLE ONLY auth.saml_relay_states
    ADD CONSTRAINT saml_relay_states_pkey PRIMARY KEY (id);


--
-- Name: schema_migrations schema_migrations_pkey; Type: CONSTRAINT; Schema: auth; Owner: supabase_auth_admin
--

ALTER TABLE ONLY auth.schema_migrations
    ADD CONSTRAINT schema_migrations_pkey PRIMARY KEY (version);


--
-- Name: sessions sessions_pkey; Type: CONSTRAINT; Schema: auth; Owner: supabase_auth_admin
--

ALTER TABLE ONLY auth.sessions
    ADD CONSTRAINT sessions_pkey PRIMARY KEY (id);


--
-- Name: sso_domains sso_domains_pkey; Type: CONSTRAINT; Schema: auth; Owner: supabase_auth_admin
--

ALTER TABLE ONLY auth.sso_domains
    ADD CONSTRAINT sso_domains_pkey PRIMARY KEY (id);


--
-- Name: sso_providers sso_providers_pkey; Type: CONSTRAINT; Schema: auth; Owner: supabase_auth_admin
--

ALTER TABLE ONLY auth.sso_providers
    ADD CONSTRAINT sso_providers_pkey PRIMARY KEY (id);


--
-- Name: users users_phone_key; Type: CONSTRAINT; Schema: auth; Owner: supabase_auth_admin
--

ALTER TABLE ONLY auth.users
    ADD CONSTRAINT users_phone_key UNIQUE (phone);


--
-- Name: users users_pkey; Type: CONSTRAINT; Schema: auth; Owner: supabase_auth_admin
--

ALTER TABLE ONLY auth.users
    ADD CONSTRAINT users_pkey PRIMARY KEY (id);


--
-- Name: duaas_a duaas_a_pkey; Type: CONSTRAINT; Schema: public; Owner: postgres
--

ALTER TABLE ONLY public.duaas_a
    ADD CONSTRAINT duaas_a_pkey PRIMARY KEY (id);


--
-- Name: duaas duaas_pkey; Type: CONSTRAINT; Schema: public; Owner: postgres
--

ALTER TABLE ONLY public.duaas
    ADD CONSTRAINT duaas_pkey PRIMARY KEY (id);


--
-- Name: people_a people_a_pkey; Type: CONSTRAINT; Schema: public; Owner: postgres
--

ALTER TABLE ONLY public.people_a
    ADD CONSTRAINT people_a_pkey PRIMARY KEY (id);


--
-- Name: people people_pkey; Type: CONSTRAINT; Schema: public; Owner: postgres
--

ALTER TABLE ONLY public.people
    ADD CONSTRAINT people_pkey PRIMARY KEY (id);


--
-- Name: messages messages_pkey; Type: CONSTRAINT; Schema: realtime; Owner: supabase_realtime_admin
--

ALTER TABLE ONLY realtime.messages
    ADD CONSTRAINT messages_pkey PRIMARY KEY (id, inserted_at);


--
-- Name: messages_2025_05_15 messages_2025_05_15_pkey; Type: CONSTRAINT; Schema: realtime; Owner: supabase_admin
--

ALTER TABLE ONLY realtime.messages_2025_05_15
    ADD CONSTRAINT messages_2025_05_15_pkey PRIMARY KEY (id, inserted_at);


--
-- Name: messages_2025_05_16 messages_2025_05_16_pkey; Type: CONSTRAINT; Schema: realtime; Owner: supabase_admin
--

ALTER TABLE ONLY realtime.messages_2025_05_16
    ADD CONSTRAINT messages_2025_05_16_pkey PRIMARY KEY (id, inserted_at);


--
-- Name: messages_2025_05_17 messages_2025_05_17_pkey; Type: CONSTRAINT; Schema: realtime; Owner: supabase_admin
--

ALTER TABLE ONLY realtime.messages_2025_05_17
    ADD CONSTRAINT messages_2025_05_17_pkey PRIMARY KEY (id, inserted_at);


--
-- Name: messages_2025_05_18 messages_2025_05_18_pkey; Type: CONSTRAINT; Schema: realtime; Owner: supabase_admin
--

ALTER TABLE ONLY realtime.messages_2025_05_18
    ADD CONSTRAINT messages_2025_05_18_pkey PRIMARY KEY (id, inserted_at);


--
-- Name: messages_2025_05_19 messages_2025_05_19_pkey; Type: CONSTRAINT; Schema: realtime; Owner: supabase_admin
--

ALTER TABLE ONLY realtime.messages_2025_05_19
    ADD CONSTRAINT messages_2025_05_19_pkey PRIMARY KEY (id, inserted_at);


--
-- Name: subscription pk_subscription; Type: CONSTRAINT; Schema: realtime; Owner: supabase_admin
--

ALTER TABLE ONLY realtime.subscription
    ADD CONSTRAINT pk_subscription PRIMARY KEY (id);


--
-- Name: schema_migrations schema_migrations_pkey; Type: CONSTRAINT; Schema: realtime; Owner: supabase_admin
--

ALTER TABLE ONLY realtime.schema_migrations
    ADD CONSTRAINT schema_migrations_pkey PRIMARY KEY (version);


--
-- Name: buckets buckets_pkey; Type: CONSTRAINT; Schema: storage; Owner: supabase_storage_admin
--

ALTER TABLE ONLY storage.buckets
    ADD CONSTRAINT buckets_pkey PRIMARY KEY (id);


--
-- Name: migrations migrations_name_key; Type: CONSTRAINT; Schema: storage; Owner: supabase_storage_admin
--

ALTER TABLE ONLY storage.migrations
    ADD CONSTRAINT migrations_name_key UNIQUE (name);


--
-- Name: migrations migrations_pkey; Type: CONSTRAINT; Schema: storage; Owner: supabase_storage_admin
--

ALTER TABLE ONLY storage.migrations
    ADD CONSTRAINT migrations_pkey PRIMARY KEY (id);


--
-- Name: objects objects_pkey; Type: CONSTRAINT; Schema: storage; Owner: supabase_storage_admin
--

ALTER TABLE ONLY storage.objects
    ADD CONSTRAINT objects_pkey PRIMARY KEY (id);


--
-- Name: s3_multipart_uploads_parts s3_multipart_uploads_parts_pkey; Type: CONSTRAINT; Schema: storage; Owner: supabase_storage_admin
--

ALTER TABLE ONLY storage.s3_multipart_uploads_parts
    ADD CONSTRAINT s3_multipart_uploads_parts_pkey PRIMARY KEY (id);


--
-- Name: s3_multipart_uploads s3_multipart_uploads_pkey; Type: CONSTRAINT; Schema: storage; Owner: supabase_storage_admin
--

ALTER TABLE ONLY storage.s3_multipart_uploads
    ADD CONSTRAINT s3_multipart_uploads_pkey PRIMARY KEY (id);


--
-- Name: schema_migrations schema_migrations_pkey; Type: CONSTRAINT; Schema: supabase_migrations; Owner: postgres
--

ALTER TABLE ONLY supabase_migrations.schema_migrations
    ADD CONSTRAINT schema_migrations_pkey PRIMARY KEY (version);


--
-- Name: audit_logs_instance_id_idx; Type: INDEX; Schema: auth; Owner: supabase_auth_admin
--

CREATE INDEX audit_logs_instance_id_idx ON auth.audit_log_entries USING btree (instance_id);


--
-- Name: confirmation_token_idx; Type: INDEX; Schema: auth; Owner: supabase_auth_admin
--

CREATE UNIQUE INDEX confirmation_token_idx ON auth.users USING btree (confirmation_token) WHERE ((confirmation_token)::text !~ '^[0-9 ]*$'::text);


--
-- Name: email_change_token_current_idx; Type: INDEX; Schema: auth; Owner: supabase_auth_admin
--

CREATE UNIQUE INDEX email_change_token_current_idx ON auth.users USING btree (email_change_token_current) WHERE ((email_change_token_current)::text !~ '^[0-9 ]*$'::text);


--
-- Name: email_change_token_new_idx; Type: INDEX; Schema: auth; Owner: supabase_auth_admin
--

CREATE UNIQUE INDEX email_change_token_new_idx ON auth.users USING btree (email_change_token_new) WHERE ((email_change_token_new)::text !~ '^[0-9 ]*$'::text);


--
-- Name: factor_id_created_at_idx; Type: INDEX; Schema: auth; Owner: supabase_auth_admin
--

CREATE INDEX factor_id_created_at_idx ON auth.mfa_factors USING btree (user_id, created_at);


--
-- Name: flow_state_created_at_idx; Type: INDEX; Schema: auth; Owner: supabase_auth_admin
--

CREATE INDEX flow_state_created_at_idx ON auth.flow_state USING btree (created_at DESC);


--
-- Name: identities_email_idx; Type: INDEX; Schema: auth; Owner: supabase_auth_admin
--

CREATE INDEX identities_email_idx ON auth.identities USING btree (email text_pattern_ops);


--
-- Name: INDEX identities_email_idx; Type: COMMENT; Schema: auth; Owner: supabase_auth_admin
--

COMMENT ON INDEX auth.identities_email_idx IS 'Auth: Ensures indexed queries on the email column';


--
-- Name: identities_user_id_idx; Type: INDEX; Schema: auth; Owner: supabase_auth_admin
--

CREATE INDEX identities_user_id_idx ON auth.identities USING btree (user_id);


--
-- Name: idx_auth_code; Type: INDEX; Schema: auth; Owner: supabase_auth_admin
--

CREATE INDEX idx_auth_code ON auth.flow_state USING btree (auth_code);


--
-- Name: idx_user_id_auth_method; Type: INDEX; Schema: auth; Owner: supabase_auth_admin
--

CREATE INDEX idx_user_id_auth_method ON auth.flow_state USING btree (user_id, authentication_method);


--
-- Name: mfa_challenge_created_at_idx; Type: INDEX; Schema: auth; Owner: supabase_auth_admin
--

CREATE INDEX mfa_challenge_created_at_idx ON auth.mfa_challenges USING btree (created_at DESC);


--
-- Name: mfa_factors_user_friendly_name_unique; Type: INDEX; Schema: auth; Owner: supabase_auth_admin
--

CREATE UNIQUE INDEX mfa_factors_user_friendly_name_unique ON auth.mfa_factors USING btree (friendly_name, user_id) WHERE (TRIM(BOTH FROM friendly_name) <> ''::text);


--
-- Name: mfa_factors_user_id_idx; Type: INDEX; Schema: auth; Owner: supabase_auth_admin
--

CREATE INDEX mfa_factors_user_id_idx ON auth.mfa_factors USING btree (user_id);


--
-- Name: one_time_tokens_relates_to_hash_idx; Type: INDEX; Schema: auth; Owner: supabase_auth_admin
--

CREATE INDEX one_time_tokens_relates_to_hash_idx ON auth.one_time_tokens USING hash (relates_to);


--
-- Name: one_time_tokens_token_hash_hash_idx; Type: INDEX; Schema: auth; Owner: supabase_auth_admin
--

CREATE INDEX one_time_tokens_token_hash_hash_idx ON auth.one_time_tokens USING hash (token_hash);


--
-- Name: one_time_tokens_user_id_token_type_key; Type: INDEX; Schema: auth; Owner: supabase_auth_admin
--

CREATE UNIQUE INDEX one_time_tokens_user_id_token_type_key ON auth.one_time_tokens USING btree (user_id, token_type);


--
-- Name: reauthentication_token_idx; Type: INDEX; Schema: auth; Owner: supabase_auth_admin
--

CREATE UNIQUE INDEX reauthentication_token_idx ON auth.users USING btree (reauthentication_token) WHERE ((reauthentication_token)::text !~ '^[0-9 ]*$'::text);


--
-- Name: recovery_token_idx; Type: INDEX; Schema: auth; Owner: supabase_auth_admin
--

CREATE UNIQUE INDEX recovery_token_idx ON auth.users USING btree (recovery_token) WHERE ((recovery_token)::text !~ '^[0-9 ]*$'::text);


--
-- Name: refresh_tokens_instance_id_idx; Type: INDEX; Schema: auth; Owner: supabase_auth_admin
--

CREATE INDEX refresh_tokens_instance_id_idx ON auth.refresh_tokens USING btree (instance_id);


--
-- Name: refresh_tokens_instance_id_user_id_idx; Type: INDEX; Schema: auth; Owner: supabase_auth_admin
--

CREATE INDEX refresh_tokens_instance_id_user_id_idx ON auth.refresh_tokens USING btree (instance_id, user_id);


--
-- Name: refresh_tokens_parent_idx; Type: INDEX; Schema: auth; Owner: supabase_auth_admin
--

CREATE INDEX refresh_tokens_parent_idx ON auth.refresh_tokens USING btree (parent);


--
-- Name: refresh_tokens_session_id_revoked_idx; Type: INDEX; Schema: auth; Owner: supabase_auth_admin
--

CREATE INDEX refresh_tokens_session_id_revoked_idx ON auth.refresh_tokens USING btree (session_id, revoked);


--
-- Name: refresh_tokens_updated_at_idx; Type: INDEX; Schema: auth; Owner: supabase_auth_admin
--

CREATE INDEX refresh_tokens_updated_at_idx ON auth.refresh_tokens USING btree (updated_at DESC);


--
-- Name: saml_providers_sso_provider_id_idx; Type: INDEX; Schema: auth; Owner: supabase_auth_admin
--

CREATE INDEX saml_providers_sso_provider_id_idx ON auth.saml_providers USING btree (sso_provider_id);


--
-- Name: saml_relay_states_created_at_idx; Type: INDEX; Schema: auth; Owner: supabase_auth_admin
--

CREATE INDEX saml_relay_states_created_at_idx ON auth.saml_relay_states USING btree (created_at DESC);


--
-- Name: saml_relay_states_for_email_idx; Type: INDEX; Schema: auth; Owner: supabase_auth_admin
--

CREATE INDEX saml_relay_states_for_email_idx ON auth.saml_relay_states USING btree (for_email);


--
-- Name: saml_relay_states_sso_provider_id_idx; Type: INDEX; Schema: auth; Owner: supabase_auth_admin
--

CREATE INDEX saml_relay_states_sso_provider_id_idx ON auth.saml_relay_states USING btree (sso_provider_id);


--
-- Name: sessions_not_after_idx; Type: INDEX; Schema: auth; Owner: supabase_auth_admin
--

CREATE INDEX sessions_not_after_idx ON auth.sessions USING btree (not_after DESC);


--
-- Name: sessions_user_id_idx; Type: INDEX; Schema: auth; Owner: supabase_auth_admin
--

CREATE INDEX sessions_user_id_idx ON auth.sessions USING btree (user_id);


--
-- Name: sso_domains_domain_idx; Type: INDEX; Schema: auth; Owner: supabase_auth_admin
--

CREATE UNIQUE INDEX sso_domains_domain_idx ON auth.sso_domains USING btree (lower(domain));


--
-- Name: sso_domains_sso_provider_id_idx; Type: INDEX; Schema: auth; Owner: supabase_auth_admin
--

CREATE INDEX sso_domains_sso_provider_id_idx ON auth.sso_domains USING btree (sso_provider_id);


--
-- Name: sso_providers_resource_id_idx; Type: INDEX; Schema: auth; Owner: supabase_auth_admin
--

CREATE UNIQUE INDEX sso_providers_resource_id_idx ON auth.sso_providers USING btree (lower(resource_id));


--
-- Name: unique_phone_factor_per_user; Type: INDEX; Schema: auth; Owner: supabase_auth_admin
--

CREATE UNIQUE INDEX unique_phone_factor_per_user ON auth.mfa_factors USING btree (user_id, phone);


--
-- Name: user_id_created_at_idx; Type: INDEX; Schema: auth; Owner: supabase_auth_admin
--

CREATE INDEX user_id_created_at_idx ON auth.sessions USING btree (user_id, created_at);


--
-- Name: users_email_partial_key; Type: INDEX; Schema: auth; Owner: supabase_auth_admin
--

CREATE UNIQUE INDEX users_email_partial_key ON auth.users USING btree (email) WHERE (is_sso_user = false);


--
-- Name: INDEX users_email_partial_key; Type: COMMENT; Schema: auth; Owner: supabase_auth_admin
--

COMMENT ON INDEX auth.users_email_partial_key IS 'Auth: A partial unique index that applies only when is_sso_user is false';


--
-- Name: users_instance_id_email_idx; Type: INDEX; Schema: auth; Owner: supabase_auth_admin
--

CREATE INDEX users_instance_id_email_idx ON auth.users USING btree (instance_id, lower((email)::text));


--
-- Name: users_instance_id_idx; Type: INDEX; Schema: auth; Owner: supabase_auth_admin
--

CREATE INDEX users_instance_id_idx ON auth.users USING btree (instance_id);


--
-- Name: users_is_anonymous_idx; Type: INDEX; Schema: auth; Owner: supabase_auth_admin
--

CREATE INDEX users_is_anonymous_idx ON auth.users USING btree (is_anonymous);


--
-- Name: ix_realtime_subscription_entity; Type: INDEX; Schema: realtime; Owner: supabase_admin
--

CREATE INDEX ix_realtime_subscription_entity ON realtime.subscription USING btree (entity);


--
-- Name: subscription_subscription_id_entity_filters_key; Type: INDEX; Schema: realtime; Owner: supabase_admin
--

CREATE UNIQUE INDEX subscription_subscription_id_entity_filters_key ON realtime.subscription USING btree (subscription_id, entity, filters);


--
-- Name: bname; Type: INDEX; Schema: storage; Owner: supabase_storage_admin
--

CREATE UNIQUE INDEX bname ON storage.buckets USING btree (name);


--
-- Name: bucketid_objname; Type: INDEX; Schema: storage; Owner: supabase_storage_admin
--

CREATE UNIQUE INDEX bucketid_objname ON storage.objects USING btree (bucket_id, name);


--
-- Name: idx_multipart_uploads_list; Type: INDEX; Schema: storage; Owner: supabase_storage_admin
--

CREATE INDEX idx_multipart_uploads_list ON storage.s3_multipart_uploads USING btree (bucket_id, key, created_at);


--
-- Name: idx_objects_bucket_id_name; Type: INDEX; Schema: storage; Owner: supabase_storage_admin
--

CREATE INDEX idx_objects_bucket_id_name ON storage.objects USING btree (bucket_id, name COLLATE "C");


--
-- Name: name_prefix_search; Type: INDEX; Schema: storage; Owner: supabase_storage_admin
--

CREATE INDEX name_prefix_search ON storage.objects USING btree (name text_pattern_ops);


--
-- Name: messages_2025_05_15_pkey; Type: INDEX ATTACH; Schema: realtime; Owner: supabase_realtime_admin
--

ALTER INDEX realtime.messages_pkey ATTACH PARTITION realtime.messages_2025_05_15_pkey;


--
-- Name: messages_2025_05_16_pkey; Type: INDEX ATTACH; Schema: realtime; Owner: supabase_realtime_admin
--

ALTER INDEX realtime.messages_pkey ATTACH PARTITION realtime.messages_2025_05_16_pkey;


--
-- Name: messages_2025_05_17_pkey; Type: INDEX ATTACH; Schema: realtime; Owner: supabase_realtime_admin
--

ALTER INDEX realtime.messages_pkey ATTACH PARTITION realtime.messages_2025_05_17_pkey;


--
-- Name: messages_2025_05_18_pkey; Type: INDEX ATTACH; Schema: realtime; Owner: supabase_realtime_admin
--

ALTER INDEX realtime.messages_pkey ATTACH PARTITION realtime.messages_2025_05_18_pkey;


--
-- Name: messages_2025_05_19_pkey; Type: INDEX ATTACH; Schema: realtime; Owner: supabase_realtime_admin
--

ALTER INDEX realtime.messages_pkey ATTACH PARTITION realtime.messages_2025_05_19_pkey;


--
-- Name: subscription tr_check_filters; Type: TRIGGER; Schema: realtime; Owner: supabase_admin
--

CREATE TRIGGER tr_check_filters BEFORE INSERT OR UPDATE ON realtime.subscription FOR EACH ROW EXECUTE FUNCTION realtime.subscription_check_filters();


--
-- Name: objects update_objects_updated_at; Type: TRIGGER; Schema: storage; Owner: supabase_storage_admin
--

CREATE TRIGGER update_objects_updated_at BEFORE UPDATE ON storage.objects FOR EACH ROW EXECUTE FUNCTION storage.update_updated_at_column();


--
-- Name: identities identities_user_id_fkey; Type: FK CONSTRAINT; Schema: auth; Owner: supabase_auth_admin
--

ALTER TABLE ONLY auth.identities
    ADD CONSTRAINT identities_user_id_fkey FOREIGN KEY (user_id) REFERENCES auth.users(id) ON DELETE CASCADE;


--
-- Name: mfa_amr_claims mfa_amr_claims_session_id_fkey; Type: FK CONSTRAINT; Schema: auth; Owner: supabase_auth_admin
--

ALTER TABLE ONLY auth.mfa_amr_claims
    ADD CONSTRAINT mfa_amr_claims_session_id_fkey FOREIGN KEY (session_id) REFERENCES auth.sessions(id) ON DELETE CASCADE;


--
-- Name: mfa_challenges mfa_challenges_auth_factor_id_fkey; Type: FK CONSTRAINT; Schema: auth; Owner: supabase_auth_admin
--

ALTER TABLE ONLY auth.mfa_challenges
    ADD CONSTRAINT mfa_challenges_auth_factor_id_fkey FOREIGN KEY (factor_id) REFERENCES auth.mfa_factors(id) ON DELETE CASCADE;


--
-- Name: mfa_factors mfa_factors_user_id_fkey; Type: FK CONSTRAINT; Schema: auth; Owner: supabase_auth_admin
--

ALTER TABLE ONLY auth.mfa_factors
    ADD CONSTRAINT mfa_factors_user_id_fkey FOREIGN KEY (user_id) REFERENCES auth.users(id) ON DELETE CASCADE;


--
-- Name: one_time_tokens one_time_tokens_user_id_fkey; Type: FK CONSTRAINT; Schema: auth; Owner: supabase_auth_admin
--

ALTER TABLE ONLY auth.one_time_tokens
    ADD CONSTRAINT one_time_tokens_user_id_fkey FOREIGN KEY (user_id) REFERENCES auth.users(id) ON DELETE CASCADE;


--
-- Name: refresh_tokens refresh_tokens_session_id_fkey; Type: FK CONSTRAINT; Schema: auth; Owner: supabase_auth_admin
--

ALTER TABLE ONLY auth.refresh_tokens
    ADD CONSTRAINT refresh_tokens_session_id_fkey FOREIGN KEY (session_id) REFERENCES auth.sessions(id) ON DELETE CASCADE;


--
-- Name: saml_providers saml_providers_sso_provider_id_fkey; Type: FK CONSTRAINT; Schema: auth; Owner: supabase_auth_admin
--

ALTER TABLE ONLY auth.saml_providers
    ADD CONSTRAINT saml_providers_sso_provider_id_fkey FOREIGN KEY (sso_provider_id) REFERENCES auth.sso_providers(id) ON DELETE CASCADE;


--
-- Name: saml_relay_states saml_relay_states_flow_state_id_fkey; Type: FK CONSTRAINT; Schema: auth; Owner: supabase_auth_admin
--

ALTER TABLE ONLY auth.saml_relay_states
    ADD CONSTRAINT saml_relay_states_flow_state_id_fkey FOREIGN KEY (flow_state_id) REFERENCES auth.flow_state(id) ON DELETE CASCADE;


--
-- Name: saml_relay_states saml_relay_states_sso_provider_id_fkey; Type: FK CONSTRAINT; Schema: auth; Owner: supabase_auth_admin
--

ALTER TABLE ONLY auth.saml_relay_states
    ADD CONSTRAINT saml_relay_states_sso_provider_id_fkey FOREIGN KEY (sso_provider_id) REFERENCES auth.sso_providers(id) ON DELETE CASCADE;


--
-- Name: sessions sessions_user_id_fkey; Type: FK CONSTRAINT; Schema: auth; Owner: supabase_auth_admin
--

ALTER TABLE ONLY auth.sessions
    ADD CONSTRAINT sessions_user_id_fkey FOREIGN KEY (user_id) REFERENCES auth.users(id) ON DELETE CASCADE;


--
-- Name: sso_domains sso_domains_sso_provider_id_fkey; Type: FK CONSTRAINT; Schema: auth; Owner: supabase_auth_admin
--

ALTER TABLE ONLY auth.sso_domains
    ADD CONSTRAINT sso_domains_sso_provider_id_fkey FOREIGN KEY (sso_provider_id) REFERENCES auth.sso_providers(id) ON DELETE CASCADE;


--
-- Name: duaas_a duaas_a_person_id_fkey; Type: FK CONSTRAINT; Schema: public; Owner: postgres
--

ALTER TABLE ONLY public.duaas_a
    ADD CONSTRAINT duaas_a_person_id_fkey FOREIGN KEY (person_id) REFERENCES public.people_a(id) ON UPDATE CASCADE ON DELETE CASCADE;


--
-- Name: duaas duaas_person_id_fkey; Type: FK CONSTRAINT; Schema: public; Owner: postgres
--

ALTER TABLE ONLY public.duaas
    ADD CONSTRAINT duaas_person_id_fkey FOREIGN KEY (person_id) REFERENCES public.people(id) ON DELETE CASCADE;


--
-- Name: objects objects_bucketId_fkey; Type: FK CONSTRAINT; Schema: storage; Owner: supabase_storage_admin
--

ALTER TABLE ONLY storage.objects
    ADD CONSTRAINT "objects_bucketId_fkey" FOREIGN KEY (bucket_id) REFERENCES storage.buckets(id);


--
-- Name: s3_multipart_uploads s3_multipart_uploads_bucket_id_fkey; Type: FK CONSTRAINT; Schema: storage; Owner: supabase_storage_admin
--

ALTER TABLE ONLY storage.s3_multipart_uploads
    ADD CONSTRAINT s3_multipart_uploads_bucket_id_fkey FOREIGN KEY (bucket_id) REFERENCES storage.buckets(id);


--
-- Name: s3_multipart_uploads_parts s3_multipart_uploads_parts_bucket_id_fkey; Type: FK CONSTRAINT; Schema: storage; Owner: supabase_storage_admin
--

ALTER TABLE ONLY storage.s3_multipart_uploads_parts
    ADD CONSTRAINT s3_multipart_uploads_parts_bucket_id_fkey FOREIGN KEY (bucket_id) REFERENCES storage.buckets(id);


--
-- Name: s3_multipart_uploads_parts s3_multipart_uploads_parts_upload_id_fkey; Type: FK CONSTRAINT; Schema: storage; Owner: supabase_storage_admin
--

ALTER TABLE ONLY storage.s3_multipart_uploads_parts
    ADD CONSTRAINT s3_multipart_uploads_parts_upload_id_fkey FOREIGN KEY (upload_id) REFERENCES storage.s3_multipart_uploads(id) ON DELETE CASCADE;


--
-- Name: audit_log_entries; Type: ROW SECURITY; Schema: auth; Owner: supabase_auth_admin
--

ALTER TABLE auth.audit_log_entries ENABLE ROW LEVEL SECURITY;

--
-- Name: flow_state; Type: ROW SECURITY; Schema: auth; Owner: supabase_auth_admin
--

ALTER TABLE auth.flow_state ENABLE ROW LEVEL SECURITY;

--
-- Name: identities; Type: ROW SECURITY; Schema: auth; Owner: supabase_auth_admin
--

ALTER TABLE auth.identities ENABLE ROW LEVEL SECURITY;

--
-- Name: instances; Type: ROW SECURITY; Schema: auth; Owner: supabase_auth_admin
--

ALTER TABLE auth.instances ENABLE ROW LEVEL SECURITY;

--
-- Name: mfa_amr_claims; Type: ROW SECURITY; Schema: auth; Owner: supabase_auth_admin
--

ALTER TABLE auth.mfa_amr_claims ENABLE ROW LEVEL SECURITY;

--
-- Name: mfa_challenges; Type: ROW SECURITY; Schema: auth; Owner: supabase_auth_admin
--

ALTER TABLE auth.mfa_challenges ENABLE ROW LEVEL SECURITY;

--
-- Name: mfa_factors; Type: ROW SECURITY; Schema: auth; Owner: supabase_auth_admin
--

ALTER TABLE auth.mfa_factors ENABLE ROW LEVEL SECURITY;

--
-- Name: one_time_tokens; Type: ROW SECURITY; Schema: auth; Owner: supabase_auth_admin
--

ALTER TABLE auth.one_time_tokens ENABLE ROW LEVEL SECURITY;

--
-- Name: refresh_tokens; Type: ROW SECURITY; Schema: auth; Owner: supabase_auth_admin
--

ALTER TABLE auth.refresh_tokens ENABLE ROW LEVEL SECURITY;

--
-- Name: saml_providers; Type: ROW SECURITY; Schema: auth; Owner: supabase_auth_admin
--

ALTER TABLE auth.saml_providers ENABLE ROW LEVEL SECURITY;

--
-- Name: saml_relay_states; Type: ROW SECURITY; Schema: auth; Owner: supabase_auth_admin
--

ALTER TABLE auth.saml_relay_states ENABLE ROW LEVEL SECURITY;

--
-- Name: schema_migrations; Type: ROW SECURITY; Schema: auth; Owner: supabase_auth_admin
--

ALTER TABLE auth.schema_migrations ENABLE ROW LEVEL SECURITY;

--
-- Name: sessions; Type: ROW SECURITY; Schema: auth; Owner: supabase_auth_admin
--

ALTER TABLE auth.sessions ENABLE ROW LEVEL SECURITY;

--
-- Name: sso_domains; Type: ROW SECURITY; Schema: auth; Owner: supabase_auth_admin
--

ALTER TABLE auth.sso_domains ENABLE ROW LEVEL SECURITY;

--
-- Name: sso_providers; Type: ROW SECURITY; Schema: auth; Owner: supabase_auth_admin
--

ALTER TABLE auth.sso_providers ENABLE ROW LEVEL SECURITY;

--
-- Name: users; Type: ROW SECURITY; Schema: auth; Owner: supabase_auth_admin
--

ALTER TABLE auth.users ENABLE ROW LEVEL SECURITY;

--
-- Name: duaas_a Allow all; Type: POLICY; Schema: public; Owner: postgres
--

CREATE POLICY "Allow all" ON public.duaas_a USING (true) WITH CHECK (true);


--
-- Name: people_a Allow all; Type: POLICY; Schema: public; Owner: postgres
--

CREATE POLICY "Allow all" ON public.people_a USING (true) WITH CHECK (true);


--
-- Name: duaas Anyone can delete duaas; Type: POLICY; Schema: public; Owner: postgres
--

CREATE POLICY "Anyone can delete duaas" ON public.duaas FOR DELETE USING (true);


--
-- Name: people Anyone can delete people; Type: POLICY; Schema: public; Owner: postgres
--

CREATE POLICY "Anyone can delete people" ON public.people FOR DELETE USING (true);


--
-- Name: duaas Anyone can insert duaas; Type: POLICY; Schema: public; Owner: postgres
--

CREATE POLICY "Anyone can insert duaas" ON public.duaas FOR INSERT WITH CHECK (true);


--
-- Name: people Anyone can insert people; Type: POLICY; Schema: public; Owner: postgres
--

CREATE POLICY "Anyone can insert people" ON public.people FOR INSERT WITH CHECK (true);


--
-- Name: duaas Anyone can update duaas; Type: POLICY; Schema: public; Owner: postgres
--

CREATE POLICY "Anyone can update duaas" ON public.duaas FOR UPDATE USING (true);


--
-- Name: people Anyone can update people; Type: POLICY; Schema: public; Owner: postgres
--

CREATE POLICY "Anyone can update people" ON public.people FOR UPDATE USING (true);


--
-- Name: duaas Anyone can view duaas; Type: POLICY; Schema: public; Owner: postgres
--

CREATE POLICY "Anyone can view duaas" ON public.duaas FOR SELECT USING (true);


--
-- Name: people Anyone can view people; Type: POLICY; Schema: public; Owner: postgres
--

CREATE POLICY "Anyone can view people" ON public.people FOR SELECT USING (true);


--
-- Name: duaas Users can delete duaas; Type: POLICY; Schema: public; Owner: postgres
--

CREATE POLICY "Users can delete duaas" ON public.duaas FOR DELETE TO authenticated USING (true);


--
-- Name: duaas Users can insert duaas; Type: POLICY; Schema: public; Owner: postgres
--

CREATE POLICY "Users can insert duaas" ON public.duaas FOR INSERT TO authenticated WITH CHECK (true);


--
-- Name: duaas Users can update duaas; Type: POLICY; Schema: public; Owner: postgres
--

CREATE POLICY "Users can update duaas" ON public.duaas FOR UPDATE TO authenticated USING (true);


--
-- Name: duaas Users can view duaas; Type: POLICY; Schema: public; Owner: postgres
--

CREATE POLICY "Users can view duaas" ON public.duaas FOR SELECT TO authenticated USING (true);


--
-- Name: duaas; Type: ROW SECURITY; Schema: public; Owner: postgres
--

ALTER TABLE public.duaas ENABLE ROW LEVEL SECURITY;

--
-- Name: duaas_a; Type: ROW SECURITY; Schema: public; Owner: postgres
--

ALTER TABLE public.duaas_a ENABLE ROW LEVEL SECURITY;

--
-- Name: people; Type: ROW SECURITY; Schema: public; Owner: postgres
--

ALTER TABLE public.people ENABLE ROW LEVEL SECURITY;

--
-- Name: people_a; Type: ROW SECURITY; Schema: public; Owner: postgres
--

ALTER TABLE public.people_a ENABLE ROW LEVEL SECURITY;

--
-- Name: messages; Type: ROW SECURITY; Schema: realtime; Owner: supabase_realtime_admin
--

ALTER TABLE realtime.messages ENABLE ROW LEVEL SECURITY;

--
-- Name: buckets; Type: ROW SECURITY; Schema: storage; Owner: supabase_storage_admin
--

ALTER TABLE storage.buckets ENABLE ROW LEVEL SECURITY;

--
-- Name: migrations; Type: ROW SECURITY; Schema: storage; Owner: supabase_storage_admin
--

ALTER TABLE storage.migrations ENABLE ROW LEVEL SECURITY;

--
-- Name: objects; Type: ROW SECURITY; Schema: storage; Owner: supabase_storage_admin
--

ALTER TABLE storage.objects ENABLE ROW LEVEL SECURITY;

--
-- Name: s3_multipart_uploads; Type: ROW SECURITY; Schema: storage; Owner: supabase_storage_admin
--

ALTER TABLE storage.s3_multipart_uploads ENABLE ROW LEVEL SECURITY;

--
-- Name: s3_multipart_uploads_parts; Type: ROW SECURITY; Schema: storage; Owner: supabase_storage_admin
--

ALTER TABLE storage.s3_multipart_uploads_parts ENABLE ROW LEVEL SECURITY;

--
-- Name: supabase_realtime; Type: PUBLICATION; Schema: -; Owner: postgres
--

CREATE PUBLICATION supabase_realtime WITH (publish = 'insert, update, delete, truncate');


ALTER PUBLICATION supabase_realtime OWNER TO postgres;

--
-- Name: supabase_realtime_messages_publication; Type: PUBLICATION; Schema: -; Owner: supabase_admin
--

CREATE PUBLICATION supabase_realtime_messages_publication WITH (publish = 'insert, update, delete, truncate');


ALTER PUBLICATION supabase_realtime_messages_publication OWNER TO supabase_admin;

--
-- Name: supabase_realtime_messages_publication messages; Type: PUBLICATION TABLE; Schema: realtime; Owner: supabase_admin
--

ALTER PUBLICATION supabase_realtime_messages_publication ADD TABLE ONLY realtime.messages;


--
-- Name: SCHEMA auth; Type: ACL; Schema: -; Owner: supabase_admin
--

GRANT USAGE ON SCHEMA auth TO anon;
GRANT USAGE ON SCHEMA auth TO authenticated;
GRANT USAGE ON SCHEMA auth TO service_role;
GRANT ALL ON SCHEMA auth TO supabase_auth_admin;
GRANT ALL ON SCHEMA auth TO dashboard_user;
GRANT USAGE ON SCHEMA auth TO postgres;


--
-- Name: SCHEMA extensions; Type: ACL; Schema: -; Owner: postgres
--

GRANT USAGE ON SCHEMA extensions TO anon;
GRANT USAGE ON SCHEMA extensions TO authenticated;
GRANT USAGE ON SCHEMA extensions TO service_role;
GRANT ALL ON SCHEMA extensions TO dashboard_user;


--
-- Name: SCHEMA public; Type: ACL; Schema: -; Owner: pg_database_owner
--

GRANT USAGE ON SCHEMA public TO postgres;
GRANT USAGE ON SCHEMA public TO anon;
GRANT USAGE ON SCHEMA public TO authenticated;
GRANT USAGE ON SCHEMA public TO service_role;


--
-- Name: SCHEMA realtime; Type: ACL; Schema: -; Owner: supabase_admin
--

GRANT USAGE ON SCHEMA realtime TO postgres;
GRANT USAGE ON SCHEMA realtime TO anon;
GRANT USAGE ON SCHEMA realtime TO authenticated;
GRANT USAGE ON SCHEMA realtime TO service_role;
GRANT ALL ON SCHEMA realtime TO supabase_realtime_admin;


--
-- Name: SCHEMA storage; Type: ACL; Schema: -; Owner: supabase_admin
--

GRANT USAGE ON SCHEMA storage TO postgres;
GRANT USAGE ON SCHEMA storage TO anon;
GRANT USAGE ON SCHEMA storage TO authenticated;
GRANT USAGE ON SCHEMA storage TO service_role;
GRANT ALL ON SCHEMA storage TO supabase_storage_admin;
GRANT ALL ON SCHEMA storage TO dashboard_user;


--
-- Name: SCHEMA vault; Type: ACL; Schema: -; Owner: supabase_admin
--

GRANT USAGE ON SCHEMA vault TO postgres WITH GRANT OPTION;
GRANT USAGE ON SCHEMA vault TO service_role;


--
-- Name: FUNCTION email(); Type: ACL; Schema: auth; Owner: supabase_auth_admin
--

GRANT ALL ON FUNCTION auth.email() TO dashboard_user;


--
-- Name: FUNCTION jwt(); Type: ACL; Schema: auth; Owner: supabase_auth_admin
--

GRANT ALL ON FUNCTION auth.jwt() TO postgres;
GRANT ALL ON FUNCTION auth.jwt() TO dashboard_user;


--
-- Name: FUNCTION role(); Type: ACL; Schema: auth; Owner: supabase_auth_admin
--

GRANT ALL ON FUNCTION auth.role() TO dashboard_user;


--
-- Name: FUNCTION uid(); Type: ACL; Schema: auth; Owner: supabase_auth_admin
--

GRANT ALL ON FUNCTION auth.uid() TO dashboard_user;


--
-- Name: FUNCTION algorithm_sign(signables text, secret text, algorithm text); Type: ACL; Schema: extensions; Owner: postgres
--

REVOKE ALL ON FUNCTION extensions.algorithm_sign(signables text, secret text, algorithm text) FROM postgres;
GRANT ALL ON FUNCTION extensions.algorithm_sign(signables text, secret text, algorithm text) TO postgres WITH GRANT OPTION;
GRANT ALL ON FUNCTION extensions.algorithm_sign(signables text, secret text, algorithm text) TO dashboard_user;


--
-- Name: FUNCTION armor(bytea); Type: ACL; Schema: extensions; Owner: postgres
--

REVOKE ALL ON FUNCTION extensions.armor(bytea) FROM postgres;
GRANT ALL ON FUNCTION extensions.armor(bytea) TO postgres WITH GRANT OPTION;
GRANT ALL ON FUNCTION extensions.armor(bytea) TO dashboard_user;


--
-- Name: FUNCTION armor(bytea, text[], text[]); Type: ACL; Schema: extensions; Owner: postgres
--

REVOKE ALL ON FUNCTION extensions.armor(bytea, text[], text[]) FROM postgres;
GRANT ALL ON FUNCTION extensions.armor(bytea, text[], text[]) TO postgres WITH GRANT OPTION;
GRANT ALL ON FUNCTION extensions.armor(bytea, text[], text[]) TO dashboard_user;


--
-- Name: FUNCTION crypt(text, text); Type: ACL; Schema: extensions; Owner: postgres
--

REVOKE ALL ON FUNCTION extensions.crypt(text, text) FROM postgres;
GRANT ALL ON FUNCTION extensions.crypt(text, text) TO postgres WITH GRANT OPTION;
GRANT ALL ON FUNCTION extensions.crypt(text, text) TO dashboard_user;


--
-- Name: FUNCTION dearmor(text); Type: ACL; Schema: extensions; Owner: postgres
--

REVOKE ALL ON FUNCTION extensions.dearmor(text) FROM postgres;
GRANT ALL ON FUNCTION extensions.dearmor(text) TO postgres WITH GRANT OPTION;
GRANT ALL ON FUNCTION extensions.dearmor(text) TO dashboard_user;


--
-- Name: FUNCTION decrypt(bytea, bytea, text); Type: ACL; Schema: extensions; Owner: postgres
--

REVOKE ALL ON FUNCTION extensions.decrypt(bytea, bytea, text) FROM postgres;
GRANT ALL ON FUNCTION extensions.decrypt(bytea, bytea, text) TO postgres WITH GRANT OPTION;
GRANT ALL ON FUNCTION extensions.decrypt(bytea, bytea, text) TO dashboard_user;


--
-- Name: FUNCTION decrypt_iv(bytea, bytea, bytea, text); Type: ACL; Schema: extensions; Owner: postgres
--

REVOKE ALL ON FUNCTION extensions.decrypt_iv(bytea, bytea, bytea, text) FROM postgres;
GRANT ALL ON FUNCTION extensions.decrypt_iv(bytea, bytea, bytea, text) TO postgres WITH GRANT OPTION;
GRANT ALL ON FUNCTION extensions.decrypt_iv(bytea, bytea, bytea, text) TO dashboard_user;


--
-- Name: FUNCTION digest(bytea, text); Type: ACL; Schema: extensions; Owner: postgres
--

REVOKE ALL ON FUNCTION extensions.digest(bytea, text) FROM postgres;
GRANT ALL ON FUNCTION extensions.digest(bytea, text) TO postgres WITH GRANT OPTION;
GRANT ALL ON FUNCTION extensions.digest(bytea, text) TO dashboard_user;


--
-- Name: FUNCTION digest(text, text); Type: ACL; Schema: extensions; Owner: postgres
--

REVOKE ALL ON FUNCTION extensions.digest(text, text) FROM postgres;
GRANT ALL ON FUNCTION extensions.digest(text, text) TO postgres WITH GRANT OPTION;
GRANT ALL ON FUNCTION extensions.digest(text, text) TO dashboard_user;


--
-- Name: FUNCTION encrypt(bytea, bytea, text); Type: ACL; Schema: extensions; Owner: postgres
--

REVOKE ALL ON FUNCTION extensions.encrypt(bytea, bytea, text) FROM postgres;
GRANT ALL ON FUNCTION extensions.encrypt(bytea, bytea, text) TO postgres WITH GRANT OPTION;
GRANT ALL ON FUNCTION extensions.encrypt(bytea, bytea, text) TO dashboard_user;


--
-- Name: FUNCTION encrypt_iv(bytea, bytea, bytea, text); Type: ACL; Schema: extensions; Owner: postgres
--

REVOKE ALL ON FUNCTION extensions.encrypt_iv(bytea, bytea, bytea, text) FROM postgres;
GRANT ALL ON FUNCTION extensions.encrypt_iv(bytea, bytea, bytea, text) TO postgres WITH GRANT OPTION;
GRANT ALL ON FUNCTION extensions.encrypt_iv(bytea, bytea, bytea, text) TO dashboard_user;


--
-- Name: FUNCTION gen_random_bytes(integer); Type: ACL; Schema: extensions; Owner: postgres
--

REVOKE ALL ON FUNCTION extensions.gen_random_bytes(integer) FROM postgres;
GRANT ALL ON FUNCTION extensions.gen_random_bytes(integer) TO postgres WITH GRANT OPTION;
GRANT ALL ON FUNCTION extensions.gen_random_bytes(integer) TO dashboard_user;


--
-- Name: FUNCTION gen_random_uuid(); Type: ACL; Schema: extensions; Owner: postgres
--

REVOKE ALL ON FUNCTION extensions.gen_random_uuid() FROM postgres;
GRANT ALL ON FUNCTION extensions.gen_random_uuid() TO postgres WITH GRANT OPTION;
GRANT ALL ON FUNCTION extensions.gen_random_uuid() TO dashboard_user;


--
-- Name: FUNCTION gen_salt(text); Type: ACL; Schema: extensions; Owner: postgres
--

REVOKE ALL ON FUNCTION extensions.gen_salt(text) FROM postgres;
GRANT ALL ON FUNCTION extensions.gen_salt(text) TO postgres WITH GRANT OPTION;
GRANT ALL ON FUNCTION extensions.gen_salt(text) TO dashboard_user;


--
-- Name: FUNCTION gen_salt(text, integer); Type: ACL; Schema: extensions; Owner: postgres
--

REVOKE ALL ON FUNCTION extensions.gen_salt(text, integer) FROM postgres;
GRANT ALL ON FUNCTION extensions.gen_salt(text, integer) TO postgres WITH GRANT OPTION;
GRANT ALL ON FUNCTION extensions.gen_salt(text, integer) TO dashboard_user;


--
-- Name: FUNCTION grant_pg_cron_access(); Type: ACL; Schema: extensions; Owner: supabase_admin
--

REVOKE ALL ON FUNCTION extensions.grant_pg_cron_access() FROM supabase_admin;
GRANT ALL ON FUNCTION extensions.grant_pg_cron_access() TO supabase_admin WITH GRANT OPTION;
GRANT ALL ON FUNCTION extensions.grant_pg_cron_access() TO dashboard_user;


--
-- Name: FUNCTION grant_pg_graphql_access(); Type: ACL; Schema: extensions; Owner: supabase_admin
--

GRANT ALL ON FUNCTION extensions.grant_pg_graphql_access() TO postgres WITH GRANT OPTION;


--
-- Name: FUNCTION grant_pg_net_access(); Type: ACL; Schema: extensions; Owner: supabase_admin
--

REVOKE ALL ON FUNCTION extensions.grant_pg_net_access() FROM supabase_admin;
GRANT ALL ON FUNCTION extensions.grant_pg_net_access() TO supabase_admin WITH GRANT OPTION;
GRANT ALL ON FUNCTION extensions.grant_pg_net_access() TO dashboard_user;


--
-- Name: FUNCTION hmac(bytea, bytea, text); Type: ACL; Schema: extensions; Owner: postgres
--

REVOKE ALL ON FUNCTION extensions.hmac(bytea, bytea, text) FROM postgres;
GRANT ALL ON FUNCTION extensions.hmac(bytea, bytea, text) TO postgres WITH GRANT OPTION;
GRANT ALL ON FUNCTION extensions.hmac(bytea, bytea, text) TO dashboard_user;


--
-- Name: FUNCTION hmac(text, text, text); Type: ACL; Schema: extensions; Owner: postgres
--

REVOKE ALL ON FUNCTION extensions.hmac(text, text, text) FROM postgres;
GRANT ALL ON FUNCTION extensions.hmac(text, text, text) TO postgres WITH GRANT OPTION;
GRANT ALL ON FUNCTION extensions.hmac(text, text, text) TO dashboard_user;


--
-- Name: FUNCTION pg_stat_statements(showtext boolean, OUT userid oid, OUT dbid oid, OUT toplevel boolean, OUT queryid bigint, OUT query text, OUT plans bigint, OUT total_plan_time double precision, OUT min_plan_time double precision, OUT max_plan_time double precision, OUT mean_plan_time double precision, OUT stddev_plan_time double precision, OUT calls bigint, OUT total_exec_time double precision, OUT min_exec_time double precision, OUT max_exec_time double precision, OUT mean_exec_time double precision, OUT stddev_exec_time double precision, OUT rows bigint, OUT shared_blks_hit bigint, OUT shared_blks_read bigint, OUT shared_blks_dirtied bigint, OUT shared_blks_written bigint, OUT local_blks_hit bigint, OUT local_blks_read bigint, OUT local_blks_dirtied bigint, OUT local_blks_written bigint, OUT temp_blks_read bigint, OUT temp_blks_written bigint, OUT blk_read_time double precision, OUT blk_write_time double precision, OUT temp_blk_read_time double precision, OUT temp_blk_write_time double precision, OUT wal_records bigint, OUT wal_fpi bigint, OUT wal_bytes numeric, OUT jit_functions bigint, OUT jit_generation_time double precision, OUT jit_inlining_count bigint, OUT jit_inlining_time double precision, OUT jit_optimization_count bigint, OUT jit_optimization_time double precision, OUT jit_emission_count bigint, OUT jit_emission_time double precision); Type: ACL; Schema: extensions; Owner: postgres
--

REVOKE ALL ON FUNCTION extensions.pg_stat_statements(showtext boolean, OUT userid oid, OUT dbid oid, OUT toplevel boolean, OUT queryid bigint, OUT query text, OUT plans bigint, OUT total_plan_time double precision, OUT min_plan_time double precision, OUT max_plan_time double precision, OUT mean_plan_time double precision, OUT stddev_plan_time double precision, OUT calls bigint, OUT total_exec_time double precision, OUT min_exec_time double precision, OUT max_exec_time double precision, OUT mean_exec_time double precision, OUT stddev_exec_time double precision, OUT rows bigint, OUT shared_blks_hit bigint, OUT shared_blks_read bigint, OUT shared_blks_dirtied bigint, OUT shared_blks_written bigint, OUT local_blks_hit bigint, OUT local_blks_read bigint, OUT local_blks_dirtied bigint, OUT local_blks_written bigint, OUT temp_blks_read bigint, OUT temp_blks_written bigint, OUT blk_read_time double precision, OUT blk_write_time double precision, OUT temp_blk_read_time double precision, OUT temp_blk_write_time double precision, OUT wal_records bigint, OUT wal_fpi bigint, OUT wal_bytes numeric, OUT jit_functions bigint, OUT jit_generation_time double precision, OUT jit_inlining_count bigint, OUT jit_inlining_time double precision, OUT jit_optimization_count bigint, OUT jit_optimization_time double precision, OUT jit_emission_count bigint, OUT jit_emission_time double precision) FROM postgres;
GRANT ALL ON FUNCTION extensions.pg_stat_statements(showtext boolean, OUT userid oid, OUT dbid oid, OUT toplevel boolean, OUT queryid bigint, OUT query text, OUT plans bigint, OUT total_plan_time double precision, OUT min_plan_time double precision, OUT max_plan_time double precision, OUT mean_plan_time double precision, OUT stddev_plan_time double precision, OUT calls bigint, OUT total_exec_time double precision, OUT min_exec_time double precision, OUT max_exec_time double precision, OUT mean_exec_time double precision, OUT stddev_exec_time double precision, OUT rows bigint, OUT shared_blks_hit bigint, OUT shared_blks_read bigint, OUT shared_blks_dirtied bigint, OUT shared_blks_written bigint, OUT local_blks_hit bigint, OUT local_blks_read bigint, OUT local_blks_dirtied bigint, OUT local_blks_written bigint, OUT temp_blks_read bigint, OUT temp_blks_written bigint, OUT blk_read_time double precision, OUT blk_write_time double precision, OUT temp_blk_read_time double precision, OUT temp_blk_write_time double precision, OUT wal_records bigint, OUT wal_fpi bigint, OUT wal_bytes numeric, OUT jit_functions bigint, OUT jit_generation_time double precision, OUT jit_inlining_count bigint, OUT jit_inlining_time double precision, OUT jit_optimization_count bigint, OUT jit_optimization_time double precision, OUT jit_emission_count bigint, OUT jit_emission_time double precision) TO postgres WITH GRANT OPTION;
GRANT ALL ON FUNCTION extensions.pg_stat_statements(showtext boolean, OUT userid oid, OUT dbid oid, OUT toplevel boolean, OUT queryid bigint, OUT query text, OUT plans bigint, OUT total_plan_time double precision, OUT min_plan_time double precision, OUT max_plan_time double precision, OUT mean_plan_time double precision, OUT stddev_plan_time double precision, OUT calls bigint, OUT total_exec_time double precision, OUT min_exec_time double precision, OUT max_exec_time double precision, OUT mean_exec_time double precision, OUT stddev_exec_time double precision, OUT rows bigint, OUT shared_blks_hit bigint, OUT shared_blks_read bigint, OUT shared_blks_dirtied bigint, OUT shared_blks_written bigint, OUT local_blks_hit bigint, OUT local_blks_read bigint, OUT local_blks_dirtied bigint, OUT local_blks_written bigint, OUT temp_blks_read bigint, OUT temp_blks_written bigint, OUT blk_read_time double precision, OUT blk_write_time double precision, OUT temp_blk_read_time double precision, OUT temp_blk_write_time double precision, OUT wal_records bigint, OUT wal_fpi bigint, OUT wal_bytes numeric, OUT jit_functions bigint, OUT jit_generation_time double precision, OUT jit_inlining_count bigint, OUT jit_inlining_time double precision, OUT jit_optimization_count bigint, OUT jit_optimization_time double precision, OUT jit_emission_count bigint, OUT jit_emission_time double precision) TO dashboard_user;


--
-- Name: FUNCTION pg_stat_statements_info(OUT dealloc bigint, OUT stats_reset timestamp with time zone); Type: ACL; Schema: extensions; Owner: postgres
--

REVOKE ALL ON FUNCTION extensions.pg_stat_statements_info(OUT dealloc bigint, OUT stats_reset timestamp with time zone) FROM postgres;
GRANT ALL ON FUNCTION extensions.pg_stat_statements_info(OUT dealloc bigint, OUT stats_reset timestamp with time zone) TO postgres WITH GRANT OPTION;
GRANT ALL ON FUNCTION extensions.pg_stat_statements_info(OUT dealloc bigint, OUT stats_reset timestamp with time zone) TO dashboard_user;


--
-- Name: FUNCTION pg_stat_statements_reset(userid oid, dbid oid, queryid bigint); Type: ACL; Schema: extensions; Owner: postgres
--

REVOKE ALL ON FUNCTION extensions.pg_stat_statements_reset(userid oid, dbid oid, queryid bigint) FROM postgres;
GRANT ALL ON FUNCTION extensions.pg_stat_statements_reset(userid oid, dbid oid, queryid bigint) TO postgres WITH GRANT OPTION;
GRANT ALL ON FUNCTION extensions.pg_stat_statements_reset(userid oid, dbid oid, queryid bigint) TO dashboard_user;


--
-- Name: FUNCTION pgp_armor_headers(text, OUT key text, OUT value text); Type: ACL; Schema: extensions; Owner: postgres
--

REVOKE ALL ON FUNCTION extensions.pgp_armor_headers(text, OUT key text, OUT value text) FROM postgres;
GRANT ALL ON FUNCTION extensions.pgp_armor_headers(text, OUT key text, OUT value text) TO postgres WITH GRANT OPTION;
GRANT ALL ON FUNCTION extensions.pgp_armor_headers(text, OUT key text, OUT value text) TO dashboard_user;


--
-- Name: FUNCTION pgp_key_id(bytea); Type: ACL; Schema: extensions; Owner: postgres
--

REVOKE ALL ON FUNCTION extensions.pgp_key_id(bytea) FROM postgres;
GRANT ALL ON FUNCTION extensions.pgp_key_id(bytea) TO postgres WITH GRANT OPTION;
GRANT ALL ON FUNCTION extensions.pgp_key_id(bytea) TO dashboard_user;


--
-- Name: FUNCTION pgp_pub_decrypt(bytea, bytea); Type: ACL; Schema: extensions; Owner: postgres
--

REVOKE ALL ON FUNCTION extensions.pgp_pub_decrypt(bytea, bytea) FROM postgres;
GRANT ALL ON FUNCTION extensions.pgp_pub_decrypt(bytea, bytea) TO postgres WITH GRANT OPTION;
GRANT ALL ON FUNCTION extensions.pgp_pub_decrypt(bytea, bytea) TO dashboard_user;


--
-- Name: FUNCTION pgp_pub_decrypt(bytea, bytea, text); Type: ACL; Schema: extensions; Owner: postgres
--

REVOKE ALL ON FUNCTION extensions.pgp_pub_decrypt(bytea, bytea, text) FROM postgres;
GRANT ALL ON FUNCTION extensions.pgp_pub_decrypt(bytea, bytea, text) TO postgres WITH GRANT OPTION;
GRANT ALL ON FUNCTION extensions.pgp_pub_decrypt(bytea, bytea, text) TO dashboard_user;


--
-- Name: FUNCTION pgp_pub_decrypt(bytea, bytea, text, text); Type: ACL; Schema: extensions; Owner: postgres
--

REVOKE ALL ON FUNCTION extensions.pgp_pub_decrypt(bytea, bytea, text, text) FROM postgres;
GRANT ALL ON FUNCTION extensions.pgp_pub_decrypt(bytea, bytea, text, text) TO postgres WITH GRANT OPTION;
GRANT ALL ON FUNCTION extensions.pgp_pub_decrypt(bytea, bytea, text, text) TO dashboard_user;


--
-- Name: FUNCTION pgp_pub_decrypt_bytea(bytea, bytea); Type: ACL; Schema: extensions; Owner: postgres
--

REVOKE ALL ON FUNCTION extensions.pgp_pub_decrypt_bytea(bytea, bytea) FROM postgres;
GRANT ALL ON FUNCTION extensions.pgp_pub_decrypt_bytea(bytea, bytea) TO postgres WITH GRANT OPTION;
GRANT ALL ON FUNCTION extensions.pgp_pub_decrypt_bytea(bytea, bytea) TO dashboard_user;


--
-- Name: FUNCTION pgp_pub_decrypt_bytea(bytea, bytea, text); Type: ACL; Schema: extensions; Owner: postgres
--

REVOKE ALL ON FUNCTION extensions.pgp_pub_decrypt_bytea(bytea, bytea, text) FROM postgres;
GRANT ALL ON FUNCTION extensions.pgp_pub_decrypt_bytea(bytea, bytea, text) TO postgres WITH GRANT OPTION;
GRANT ALL ON FUNCTION extensions.pgp_pub_decrypt_bytea(bytea, bytea, text) TO dashboard_user;


--
-- Name: FUNCTION pgp_pub_decrypt_bytea(bytea, bytea, text, text); Type: ACL; Schema: extensions; Owner: postgres
--

REVOKE ALL ON FUNCTION extensions.pgp_pub_decrypt_bytea(bytea, bytea, text, text) FROM postgres;
GRANT ALL ON FUNCTION extensions.pgp_pub_decrypt_bytea(bytea, bytea, text, text) TO postgres WITH GRANT OPTION;
GRANT ALL ON FUNCTION extensions.pgp_pub_decrypt_bytea(bytea, bytea, text, text) TO dashboard_user;


--
-- Name: FUNCTION pgp_pub_encrypt(text, bytea); Type: ACL; Schema: extensions; Owner: postgres
--

REVOKE ALL ON FUNCTION extensions.pgp_pub_encrypt(text, bytea) FROM postgres;
GRANT ALL ON FUNCTION extensions.pgp_pub_encrypt(text, bytea) TO postgres WITH GRANT OPTION;
GRANT ALL ON FUNCTION extensions.pgp_pub_encrypt(text, bytea) TO dashboard_user;


--
-- Name: FUNCTION pgp_pub_encrypt(text, bytea, text); Type: ACL; Schema: extensions; Owner: postgres
--

REVOKE ALL ON FUNCTION extensions.pgp_pub_encrypt(text, bytea, text) FROM postgres;
GRANT ALL ON FUNCTION extensions.pgp_pub_encrypt(text, bytea, text) TO postgres WITH GRANT OPTION;
GRANT ALL ON FUNCTION extensions.pgp_pub_encrypt(text, bytea, text) TO dashboard_user;


--
-- Name: FUNCTION pgp_pub_encrypt_bytea(bytea, bytea); Type: ACL; Schema: extensions; Owner: postgres
--

REVOKE ALL ON FUNCTION extensions.pgp_pub_encrypt_bytea(bytea, bytea) FROM postgres;
GRANT ALL ON FUNCTION extensions.pgp_pub_encrypt_bytea(bytea, bytea) TO postgres WITH GRANT OPTION;
GRANT ALL ON FUNCTION extensions.pgp_pub_encrypt_bytea(bytea, bytea) TO dashboard_user;


--
-- Name: FUNCTION pgp_pub_encrypt_bytea(bytea, bytea, text); Type: ACL; Schema: extensions; Owner: postgres
--

REVOKE ALL ON FUNCTION extensions.pgp_pub_encrypt_bytea(bytea, bytea, text) FROM postgres;
GRANT ALL ON FUNCTION extensions.pgp_pub_encrypt_bytea(bytea, bytea, text) TO postgres WITH GRANT OPTION;
GRANT ALL ON FUNCTION extensions.pgp_pub_encrypt_bytea(bytea, bytea, text) TO dashboard_user;


--
-- Name: FUNCTION pgp_sym_decrypt(bytea, text); Type: ACL; Schema: extensions; Owner: postgres
--

REVOKE ALL ON FUNCTION extensions.pgp_sym_decrypt(bytea, text) FROM postgres;
GRANT ALL ON FUNCTION extensions.pgp_sym_decrypt(bytea, text) TO postgres WITH GRANT OPTION;
GRANT ALL ON FUNCTION extensions.pgp_sym_decrypt(bytea, text) TO dashboard_user;


--
-- Name: FUNCTION pgp_sym_decrypt(bytea, text, text); Type: ACL; Schema: extensions; Owner: postgres
--

REVOKE ALL ON FUNCTION extensions.pgp_sym_decrypt(bytea, text, text) FROM postgres;
GRANT ALL ON FUNCTION extensions.pgp_sym_decrypt(bytea, text, text) TO postgres WITH GRANT OPTION;
GRANT ALL ON FUNCTION extensions.pgp_sym_decrypt(bytea, text, text) TO dashboard_user;


--
-- Name: FUNCTION pgp_sym_decrypt_bytea(bytea, text); Type: ACL; Schema: extensions; Owner: postgres
--

REVOKE ALL ON FUNCTION extensions.pgp_sym_decrypt_bytea(bytea, text) FROM postgres;
GRANT ALL ON FUNCTION extensions.pgp_sym_decrypt_bytea(bytea, text) TO postgres WITH GRANT OPTION;
GRANT ALL ON FUNCTION extensions.pgp_sym_decrypt_bytea(bytea, text) TO dashboard_user;


--
-- Name: FUNCTION pgp_sym_decrypt_bytea(bytea, text, text); Type: ACL; Schema: extensions; Owner: postgres
--

REVOKE ALL ON FUNCTION extensions.pgp_sym_decrypt_bytea(bytea, text, text) FROM postgres;
GRANT ALL ON FUNCTION extensions.pgp_sym_decrypt_bytea(bytea, text, text) TO postgres WITH GRANT OPTION;
GRANT ALL ON FUNCTION extensions.pgp_sym_decrypt_bytea(bytea, text, text) TO dashboard_user;


--
-- Name: FUNCTION pgp_sym_encrypt(text, text); Type: ACL; Schema: extensions; Owner: postgres
--

REVOKE ALL ON FUNCTION extensions.pgp_sym_encrypt(text, text) FROM postgres;
GRANT ALL ON FUNCTION extensions.pgp_sym_encrypt(text, text) TO postgres WITH GRANT OPTION;
GRANT ALL ON FUNCTION extensions.pgp_sym_encrypt(text, text) TO dashboard_user;


--
-- Name: FUNCTION pgp_sym_encrypt(text, text, text); Type: ACL; Schema: extensions; Owner: postgres
--

REVOKE ALL ON FUNCTION extensions.pgp_sym_encrypt(text, text, text) FROM postgres;
GRANT ALL ON FUNCTION extensions.pgp_sym_encrypt(text, text, text) TO postgres WITH GRANT OPTION;
GRANT ALL ON FUNCTION extensions.pgp_sym_encrypt(text, text, text) TO dashboard_user;


--
-- Name: FUNCTION pgp_sym_encrypt_bytea(bytea, text); Type: ACL; Schema: extensions; Owner: postgres
--

REVOKE ALL ON FUNCTION extensions.pgp_sym_encrypt_bytea(bytea, text) FROM postgres;
GRANT ALL ON FUNCTION extensions.pgp_sym_encrypt_bytea(bytea, text) TO postgres WITH GRANT OPTION;
GRANT ALL ON FUNCTION extensions.pgp_sym_encrypt_bytea(bytea, text) TO dashboard_user;


--
-- Name: FUNCTION pgp_sym_encrypt_bytea(bytea, text, text); Type: ACL; Schema: extensions; Owner: postgres
--

REVOKE ALL ON FUNCTION extensions.pgp_sym_encrypt_bytea(bytea, text, text) FROM postgres;
GRANT ALL ON FUNCTION extensions.pgp_sym_encrypt_bytea(bytea, text, text) TO postgres WITH GRANT OPTION;
GRANT ALL ON FUNCTION extensions.pgp_sym_encrypt_bytea(bytea, text, text) TO dashboard_user;


--
-- Name: FUNCTION pgrst_ddl_watch(); Type: ACL; Schema: extensions; Owner: supabase_admin
--

GRANT ALL ON FUNCTION extensions.pgrst_ddl_watch() TO postgres WITH GRANT OPTION;


--
-- Name: FUNCTION pgrst_drop_watch(); Type: ACL; Schema: extensions; Owner: supabase_admin
--

GRANT ALL ON FUNCTION extensions.pgrst_drop_watch() TO postgres WITH GRANT OPTION;


--
-- Name: FUNCTION set_graphql_placeholder(); Type: ACL; Schema: extensions; Owner: supabase_admin
--

GRANT ALL ON FUNCTION extensions.set_graphql_placeholder() TO postgres WITH GRANT OPTION;


--
-- Name: FUNCTION sign(payload json, secret text, algorithm text); Type: ACL; Schema: extensions; Owner: postgres
--

REVOKE ALL ON FUNCTION extensions.sign(payload json, secret text, algorithm text) FROM postgres;
GRANT ALL ON FUNCTION extensions.sign(payload json, secret text, algorithm text) TO postgres WITH GRANT OPTION;
GRANT ALL ON FUNCTION extensions.sign(payload json, secret text, algorithm text) TO dashboard_user;


--
-- Name: FUNCTION try_cast_double(inp text); Type: ACL; Schema: extensions; Owner: postgres
--

REVOKE ALL ON FUNCTION extensions.try_cast_double(inp text) FROM postgres;
GRANT ALL ON FUNCTION extensions.try_cast_double(inp text) TO postgres WITH GRANT OPTION;
GRANT ALL ON FUNCTION extensions.try_cast_double(inp text) TO dashboard_user;


--
-- Name: FUNCTION url_decode(data text); Type: ACL; Schema: extensions; Owner: postgres
--

REVOKE ALL ON FUNCTION extensions.url_decode(data text) FROM postgres;
GRANT ALL ON FUNCTION extensions.url_decode(data text) TO postgres WITH GRANT OPTION;
GRANT ALL ON FUNCTION extensions.url_decode(data text) TO dashboard_user;


--
-- Name: FUNCTION url_encode(data bytea); Type: ACL; Schema: extensions; Owner: postgres
--

REVOKE ALL ON FUNCTION extensions.url_encode(data bytea) FROM postgres;
GRANT ALL ON FUNCTION extensions.url_encode(data bytea) TO postgres WITH GRANT OPTION;
GRANT ALL ON FUNCTION extensions.url_encode(data bytea) TO dashboard_user;


--
-- Name: FUNCTION uuid_generate_v1(); Type: ACL; Schema: extensions; Owner: postgres
--

REVOKE ALL ON FUNCTION extensions.uuid_generate_v1() FROM postgres;
GRANT ALL ON FUNCTION extensions.uuid_generate_v1() TO postgres WITH GRANT OPTION;
GRANT ALL ON FUNCTION extensions.uuid_generate_v1() TO dashboard_user;


--
-- Name: FUNCTION uuid_generate_v1mc(); Type: ACL; Schema: extensions; Owner: postgres
--

REVOKE ALL ON FUNCTION extensions.uuid_generate_v1mc() FROM postgres;
GRANT ALL ON FUNCTION extensions.uuid_generate_v1mc() TO postgres WITH GRANT OPTION;
GRANT ALL ON FUNCTION extensions.uuid_generate_v1mc() TO dashboard_user;


--
-- Name: FUNCTION uuid_generate_v3(namespace uuid, name text); Type: ACL; Schema: extensions; Owner: postgres
--

REVOKE ALL ON FUNCTION extensions.uuid_generate_v3(namespace uuid, name text) FROM postgres;
GRANT ALL ON FUNCTION extensions.uuid_generate_v3(namespace uuid, name text) TO postgres WITH GRANT OPTION;
GRANT ALL ON FUNCTION extensions.uuid_generate_v3(namespace uuid, name text) TO dashboard_user;


--
-- Name: FUNCTION uuid_generate_v4(); Type: ACL; Schema: extensions; Owner: postgres
--

REVOKE ALL ON FUNCTION extensions.uuid_generate_v4() FROM postgres;
GRANT ALL ON FUNCTION extensions.uuid_generate_v4() TO postgres WITH GRANT OPTION;
GRANT ALL ON FUNCTION extensions.uuid_generate_v4() TO dashboard_user;


--
-- Name: FUNCTION uuid_generate_v5(namespace uuid, name text); Type: ACL; Schema: extensions; Owner: postgres
--

REVOKE ALL ON FUNCTION extensions.uuid_generate_v5(namespace uuid, name text) FROM postgres;
GRANT ALL ON FUNCTION extensions.uuid_generate_v5(namespace uuid, name text) TO postgres WITH GRANT OPTION;
GRANT ALL ON FUNCTION extensions.uuid_generate_v5(namespace uuid, name text) TO dashboard_user;


--
-- Name: FUNCTION uuid_nil(); Type: ACL; Schema: extensions; Owner: postgres
--

REVOKE ALL ON FUNCTION extensions.uuid_nil() FROM postgres;
GRANT ALL ON FUNCTION extensions.uuid_nil() TO postgres WITH GRANT OPTION;
GRANT ALL ON FUNCTION extensions.uuid_nil() TO dashboard_user;


--
-- Name: FUNCTION uuid_ns_dns(); Type: ACL; Schema: extensions; Owner: postgres
--

REVOKE ALL ON FUNCTION extensions.uuid_ns_dns() FROM postgres;
GRANT ALL ON FUNCTION extensions.uuid_ns_dns() TO postgres WITH GRANT OPTION;
GRANT ALL ON FUNCTION extensions.uuid_ns_dns() TO dashboard_user;


--
-- Name: FUNCTION uuid_ns_oid(); Type: ACL; Schema: extensions; Owner: postgres
--

REVOKE ALL ON FUNCTION extensions.uuid_ns_oid() FROM postgres;
GRANT ALL ON FUNCTION extensions.uuid_ns_oid() TO postgres WITH GRANT OPTION;
GRANT ALL ON FUNCTION extensions.uuid_ns_oid() TO dashboard_user;


--
-- Name: FUNCTION uuid_ns_url(); Type: ACL; Schema: extensions; Owner: postgres
--

REVOKE ALL ON FUNCTION extensions.uuid_ns_url() FROM postgres;
GRANT ALL ON FUNCTION extensions.uuid_ns_url() TO postgres WITH GRANT OPTION;
GRANT ALL ON FUNCTION extensions.uuid_ns_url() TO dashboard_user;


--
-- Name: FUNCTION uuid_ns_x500(); Type: ACL; Schema: extensions; Owner: postgres
--

REVOKE ALL ON FUNCTION extensions.uuid_ns_x500() FROM postgres;
GRANT ALL ON FUNCTION extensions.uuid_ns_x500() TO postgres WITH GRANT OPTION;
GRANT ALL ON FUNCTION extensions.uuid_ns_x500() TO dashboard_user;


--
-- Name: FUNCTION verify(token text, secret text, algorithm text); Type: ACL; Schema: extensions; Owner: postgres
--

REVOKE ALL ON FUNCTION extensions.verify(token text, secret text, algorithm text) FROM postgres;
GRANT ALL ON FUNCTION extensions.verify(token text, secret text, algorithm text) TO postgres WITH GRANT OPTION;
GRANT ALL ON FUNCTION extensions.verify(token text, secret text, algorithm text) TO dashboard_user;


--
-- Name: FUNCTION graphql("operationName" text, query text, variables jsonb, extensions jsonb); Type: ACL; Schema: graphql_public; Owner: supabase_admin
--

GRANT ALL ON FUNCTION graphql_public.graphql("operationName" text, query text, variables jsonb, extensions jsonb) TO postgres;
GRANT ALL ON FUNCTION graphql_public.graphql("operationName" text, query text, variables jsonb, extensions jsonb) TO anon;
GRANT ALL ON FUNCTION graphql_public.graphql("operationName" text, query text, variables jsonb, extensions jsonb) TO authenticated;
GRANT ALL ON FUNCTION graphql_public.graphql("operationName" text, query text, variables jsonb, extensions jsonb) TO service_role;


--
-- Name: FUNCTION get_auth(p_usename text); Type: ACL; Schema: pgbouncer; Owner: supabase_admin
--

REVOKE ALL ON FUNCTION pgbouncer.get_auth(p_usename text) FROM PUBLIC;
GRANT ALL ON FUNCTION pgbouncer.get_auth(p_usename text) TO pgbouncer;
GRANT ALL ON FUNCTION pgbouncer.get_auth(p_usename text) TO postgres;


--
-- Name: FUNCTION apply_rls(wal jsonb, max_record_bytes integer); Type: ACL; Schema: realtime; Owner: supabase_admin
--

GRANT ALL ON FUNCTION realtime.apply_rls(wal jsonb, max_record_bytes integer) TO postgres;
GRANT ALL ON FUNCTION realtime.apply_rls(wal jsonb, max_record_bytes integer) TO dashboard_user;
GRANT ALL ON FUNCTION realtime.apply_rls(wal jsonb, max_record_bytes integer) TO anon;
GRANT ALL ON FUNCTION realtime.apply_rls(wal jsonb, max_record_bytes integer) TO authenticated;
GRANT ALL ON FUNCTION realtime.apply_rls(wal jsonb, max_record_bytes integer) TO service_role;
GRANT ALL ON FUNCTION realtime.apply_rls(wal jsonb, max_record_bytes integer) TO supabase_realtime_admin;


--
-- Name: FUNCTION broadcast_changes(topic_name text, event_name text, operation text, table_name text, table_schema text, new record, old record, level text); Type: ACL; Schema: realtime; Owner: supabase_admin
--

GRANT ALL ON FUNCTION realtime.broadcast_changes(topic_name text, event_name text, operation text, table_name text, table_schema text, new record, old record, level text) TO postgres;
GRANT ALL ON FUNCTION realtime.broadcast_changes(topic_name text, event_name text, operation text, table_name text, table_schema text, new record, old record, level text) TO dashboard_user;


--
-- Name: FUNCTION build_prepared_statement_sql(prepared_statement_name text, entity regclass, columns realtime.wal_column[]); Type: ACL; Schema: realtime; Owner: supabase_admin
--

GRANT ALL ON FUNCTION realtime.build_prepared_statement_sql(prepared_statement_name text, entity regclass, columns realtime.wal_column[]) TO postgres;
GRANT ALL ON FUNCTION realtime.build_prepared_statement_sql(prepared_statement_name text, entity regclass, columns realtime.wal_column[]) TO dashboard_user;
GRANT ALL ON FUNCTION realtime.build_prepared_statement_sql(prepared_statement_name text, entity regclass, columns realtime.wal_column[]) TO anon;
GRANT ALL ON FUNCTION realtime.build_prepared_statement_sql(prepared_statement_name text, entity regclass, columns realtime.wal_column[]) TO authenticated;
GRANT ALL ON FUNCTION realtime.build_prepared_statement_sql(prepared_statement_name text, entity regclass, columns realtime.wal_column[]) TO service_role;
GRANT ALL ON FUNCTION realtime.build_prepared_statement_sql(prepared_statement_name text, entity regclass, columns realtime.wal_column[]) TO supabase_realtime_admin;


--
-- Name: FUNCTION "cast"(val text, type_ regtype); Type: ACL; Schema: realtime; Owner: supabase_admin
--

GRANT ALL ON FUNCTION realtime."cast"(val text, type_ regtype) TO postgres;
GRANT ALL ON FUNCTION realtime."cast"(val text, type_ regtype) TO dashboard_user;
GRANT ALL ON FUNCTION realtime."cast"(val text, type_ regtype) TO anon;
GRANT ALL ON FUNCTION realtime."cast"(val text, type_ regtype) TO authenticated;
GRANT ALL ON FUNCTION realtime."cast"(val text, type_ regtype) TO service_role;
GRANT ALL ON FUNCTION realtime."cast"(val text, type_ regtype) TO supabase_realtime_admin;


--
-- Name: FUNCTION check_equality_op(op realtime.equality_op, type_ regtype, val_1 text, val_2 text); Type: ACL; Schema: realtime; Owner: supabase_admin
--

GRANT ALL ON FUNCTION realtime.check_equality_op(op realtime.equality_op, type_ regtype, val_1 text, val_2 text) TO postgres;
GRANT ALL ON FUNCTION realtime.check_equality_op(op realtime.equality_op, type_ regtype, val_1 text, val_2 text) TO dashboard_user;
GRANT ALL ON FUNCTION realtime.check_equality_op(op realtime.equality_op, type_ regtype, val_1 text, val_2 text) TO anon;
GRANT ALL ON FUNCTION realtime.check_equality_op(op realtime.equality_op, type_ regtype, val_1 text, val_2 text) TO authenticated;
GRANT ALL ON FUNCTION realtime.check_equality_op(op realtime.equality_op, type_ regtype, val_1 text, val_2 text) TO service_role;
GRANT ALL ON FUNCTION realtime.check_equality_op(op realtime.equality_op, type_ regtype, val_1 text, val_2 text) TO supabase_realtime_admin;


--
-- Name: FUNCTION is_visible_through_filters(columns realtime.wal_column[], filters realtime.user_defined_filter[]); Type: ACL; Schema: realtime; Owner: supabase_admin
--

GRANT ALL ON FUNCTION realtime.is_visible_through_filters(columns realtime.wal_column[], filters realtime.user_defined_filter[]) TO postgres;
GRANT ALL ON FUNCTION realtime.is_visible_through_filters(columns realtime.wal_column[], filters realtime.user_defined_filter[]) TO dashboard_user;
GRANT ALL ON FUNCTION realtime.is_visible_through_filters(columns realtime.wal_column[], filters realtime.user_defined_filter[]) TO anon;
GRANT ALL ON FUNCTION realtime.is_visible_through_filters(columns realtime.wal_column[], filters realtime.user_defined_filter[]) TO authenticated;
GRANT ALL ON FUNCTION realtime.is_visible_through_filters(columns realtime.wal_column[], filters realtime.user_defined_filter[]) TO service_role;
GRANT ALL ON FUNCTION realtime.is_visible_through_filters(columns realtime.wal_column[], filters realtime.user_defined_filter[]) TO supabase_realtime_admin;


--
-- Name: FUNCTION list_changes(publication name, slot_name name, max_changes integer, max_record_bytes integer); Type: ACL; Schema: realtime; Owner: supabase_admin
--

GRANT ALL ON FUNCTION realtime.list_changes(publication name, slot_name name, max_changes integer, max_record_bytes integer) TO postgres;
GRANT ALL ON FUNCTION realtime.list_changes(publication name, slot_name name, max_changes integer, max_record_bytes integer) TO dashboard_user;
GRANT ALL ON FUNCTION realtime.list_changes(publication name, slot_name name, max_changes integer, max_record_bytes integer) TO anon;
GRANT ALL ON FUNCTION realtime.list_changes(publication name, slot_name name, max_changes integer, max_record_bytes integer) TO authenticated;
GRANT ALL ON FUNCTION realtime.list_changes(publication name, slot_name name, max_changes integer, max_record_bytes integer) TO service_role;
GRANT ALL ON FUNCTION realtime.list_changes(publication name, slot_name name, max_changes integer, max_record_bytes integer) TO supabase_realtime_admin;


--
-- Name: FUNCTION quote_wal2json(entity regclass); Type: ACL; Schema: realtime; Owner: supabase_admin
--

GRANT ALL ON FUNCTION realtime.quote_wal2json(entity regclass) TO postgres;
GRANT ALL ON FUNCTION realtime.quote_wal2json(entity regclass) TO dashboard_user;
GRANT ALL ON FUNCTION realtime.quote_wal2json(entity regclass) TO anon;
GRANT ALL ON FUNCTION realtime.quote_wal2json(entity regclass) TO authenticated;
GRANT ALL ON FUNCTION realtime.quote_wal2json(entity regclass) TO service_role;
GRANT ALL ON FUNCTION realtime.quote_wal2json(entity regclass) TO supabase_realtime_admin;


--
-- Name: FUNCTION send(payload jsonb, event text, topic text, private boolean); Type: ACL; Schema: realtime; Owner: supabase_admin
--

GRANT ALL ON FUNCTION realtime.send(payload jsonb, event text, topic text, private boolean) TO postgres;
GRANT ALL ON FUNCTION realtime.send(payload jsonb, event text, topic text, private boolean) TO dashboard_user;


--
-- Name: FUNCTION subscription_check_filters(); Type: ACL; Schema: realtime; Owner: supabase_admin
--

GRANT ALL ON FUNCTION realtime.subscription_check_filters() TO postgres;
GRANT ALL ON FUNCTION realtime.subscription_check_filters() TO dashboard_user;
GRANT ALL ON FUNCTION realtime.subscription_check_filters() TO anon;
GRANT ALL ON FUNCTION realtime.subscription_check_filters() TO authenticated;
GRANT ALL ON FUNCTION realtime.subscription_check_filters() TO service_role;
GRANT ALL ON FUNCTION realtime.subscription_check_filters() TO supabase_realtime_admin;


--
-- Name: FUNCTION to_regrole(role_name text); Type: ACL; Schema: realtime; Owner: supabase_admin
--

GRANT ALL ON FUNCTION realtime.to_regrole(role_name text) TO postgres;
GRANT ALL ON FUNCTION realtime.to_regrole(role_name text) TO dashboard_user;
GRANT ALL ON FUNCTION realtime.to_regrole(role_name text) TO anon;
GRANT ALL ON FUNCTION realtime.to_regrole(role_name text) TO authenticated;
GRANT ALL ON FUNCTION realtime.to_regrole(role_name text) TO service_role;
GRANT ALL ON FUNCTION realtime.to_regrole(role_name text) TO supabase_realtime_admin;


--
-- Name: FUNCTION topic(); Type: ACL; Schema: realtime; Owner: supabase_realtime_admin
--

GRANT ALL ON FUNCTION realtime.topic() TO postgres;
GRANT ALL ON FUNCTION realtime.topic() TO dashboard_user;


--
-- Name: FUNCTION _crypto_aead_det_decrypt(message bytea, additional bytea, key_id bigint, context bytea, nonce bytea); Type: ACL; Schema: vault; Owner: supabase_admin
--

GRANT ALL ON FUNCTION vault._crypto_aead_det_decrypt(message bytea, additional bytea, key_id bigint, context bytea, nonce bytea) TO postgres WITH GRANT OPTION;
GRANT ALL ON FUNCTION vault._crypto_aead_det_decrypt(message bytea, additional bytea, key_id bigint, context bytea, nonce bytea) TO service_role;


--
-- Name: FUNCTION create_secret(new_secret text, new_name text, new_description text, new_key_id uuid); Type: ACL; Schema: vault; Owner: supabase_admin
--

GRANT ALL ON FUNCTION vault.create_secret(new_secret text, new_name text, new_description text, new_key_id uuid) TO postgres WITH GRANT OPTION;
GRANT ALL ON FUNCTION vault.create_secret(new_secret text, new_name text, new_description text, new_key_id uuid) TO service_role;


--
-- Name: FUNCTION update_secret(secret_id uuid, new_secret text, new_name text, new_description text, new_key_id uuid); Type: ACL; Schema: vault; Owner: supabase_admin
--

GRANT ALL ON FUNCTION vault.update_secret(secret_id uuid, new_secret text, new_name text, new_description text, new_key_id uuid) TO postgres WITH GRANT OPTION;
GRANT ALL ON FUNCTION vault.update_secret(secret_id uuid, new_secret text, new_name text, new_description text, new_key_id uuid) TO service_role;


--
-- Name: TABLE audit_log_entries; Type: ACL; Schema: auth; Owner: supabase_auth_admin
--

GRANT ALL ON TABLE auth.audit_log_entries TO dashboard_user;
GRANT INSERT,REFERENCES,DELETE,TRIGGER,TRUNCATE,UPDATE ON TABLE auth.audit_log_entries TO postgres;
GRANT SELECT ON TABLE auth.audit_log_entries TO postgres WITH GRANT OPTION;


--
-- Name: TABLE flow_state; Type: ACL; Schema: auth; Owner: supabase_auth_admin
--

GRANT INSERT,REFERENCES,DELETE,TRIGGER,TRUNCATE,UPDATE ON TABLE auth.flow_state TO postgres;
GRANT SELECT ON TABLE auth.flow_state TO postgres WITH GRANT OPTION;
GRANT ALL ON TABLE auth.flow_state TO dashboard_user;


--
-- Name: TABLE identities; Type: ACL; Schema: auth; Owner: supabase_auth_admin
--

GRANT INSERT,REFERENCES,DELETE,TRIGGER,TRUNCATE,UPDATE ON TABLE auth.identities TO postgres;
GRANT SELECT ON TABLE auth.identities TO postgres WITH GRANT OPTION;
GRANT ALL ON TABLE auth.identities TO dashboard_user;


--
-- Name: TABLE instances; Type: ACL; Schema: auth; Owner: supabase_auth_admin
--

GRANT ALL ON TABLE auth.instances TO dashboard_user;
GRANT INSERT,REFERENCES,DELETE,TRIGGER,TRUNCATE,UPDATE ON TABLE auth.instances TO postgres;
GRANT SELECT ON TABLE auth.instances TO postgres WITH GRANT OPTION;


--
-- Name: TABLE mfa_amr_claims; Type: ACL; Schema: auth; Owner: supabase_auth_admin
--

GRANT INSERT,REFERENCES,DELETE,TRIGGER,TRUNCATE,UPDATE ON TABLE auth.mfa_amr_claims TO postgres;
GRANT SELECT ON TABLE auth.mfa_amr_claims TO postgres WITH GRANT OPTION;
GRANT ALL ON TABLE auth.mfa_amr_claims TO dashboard_user;


--
-- Name: TABLE mfa_challenges; Type: ACL; Schema: auth; Owner: supabase_auth_admin
--

GRANT INSERT,REFERENCES,DELETE,TRIGGER,TRUNCATE,UPDATE ON TABLE auth.mfa_challenges TO postgres;
GRANT SELECT ON TABLE auth.mfa_challenges TO postgres WITH GRANT OPTION;
GRANT ALL ON TABLE auth.mfa_challenges TO dashboard_user;


--
-- Name: TABLE mfa_factors; Type: ACL; Schema: auth; Owner: supabase_auth_admin
--

GRANT INSERT,REFERENCES,DELETE,TRIGGER,TRUNCATE,UPDATE ON TABLE auth.mfa_factors TO postgres;
GRANT SELECT ON TABLE auth.mfa_factors TO postgres WITH GRANT OPTION;
GRANT ALL ON TABLE auth.mfa_factors TO dashboard_user;


--
-- Name: TABLE one_time_tokens; Type: ACL; Schema: auth; Owner: supabase_auth_admin
--

GRANT INSERT,REFERENCES,DELETE,TRIGGER,TRUNCATE,UPDATE ON TABLE auth.one_time_tokens TO postgres;
GRANT SELECT ON TABLE auth.one_time_tokens TO postgres WITH GRANT OPTION;
GRANT ALL ON TABLE auth.one_time_tokens TO dashboard_user;


--
-- Name: TABLE refresh_tokens; Type: ACL; Schema: auth; Owner: supabase_auth_admin
--

GRANT ALL ON TABLE auth.refresh_tokens TO dashboard_user;
GRANT INSERT,REFERENCES,DELETE,TRIGGER,TRUNCATE,UPDATE ON TABLE auth.refresh_tokens TO postgres;
GRANT SELECT ON TABLE auth.refresh_tokens TO postgres WITH GRANT OPTION;


--
-- Name: SEQUENCE refresh_tokens_id_seq; Type: ACL; Schema: auth; Owner: supabase_auth_admin
--

GRANT ALL ON SEQUENCE auth.refresh_tokens_id_seq TO dashboard_user;
GRANT ALL ON SEQUENCE auth.refresh_tokens_id_seq TO postgres;


--
-- Name: TABLE saml_providers; Type: ACL; Schema: auth; Owner: supabase_auth_admin
--

GRANT INSERT,REFERENCES,DELETE,TRIGGER,TRUNCATE,UPDATE ON TABLE auth.saml_providers TO postgres;
GRANT SELECT ON TABLE auth.saml_providers TO postgres WITH GRANT OPTION;
GRANT ALL ON TABLE auth.saml_providers TO dashboard_user;


--
-- Name: TABLE saml_relay_states; Type: ACL; Schema: auth; Owner: supabase_auth_admin
--

GRANT INSERT,REFERENCES,DELETE,TRIGGER,TRUNCATE,UPDATE ON TABLE auth.saml_relay_states TO postgres;
GRANT SELECT ON TABLE auth.saml_relay_states TO postgres WITH GRANT OPTION;
GRANT ALL ON TABLE auth.saml_relay_states TO dashboard_user;


--
-- Name: TABLE schema_migrations; Type: ACL; Schema: auth; Owner: supabase_auth_admin
--

GRANT SELECT ON TABLE auth.schema_migrations TO postgres WITH GRANT OPTION;


--
-- Name: TABLE sessions; Type: ACL; Schema: auth; Owner: supabase_auth_admin
--

GRANT INSERT,REFERENCES,DELETE,TRIGGER,TRUNCATE,UPDATE ON TABLE auth.sessions TO postgres;
GRANT SELECT ON TABLE auth.sessions TO postgres WITH GRANT OPTION;
GRANT ALL ON TABLE auth.sessions TO dashboard_user;


--
-- Name: TABLE sso_domains; Type: ACL; Schema: auth; Owner: supabase_auth_admin
--

GRANT INSERT,REFERENCES,DELETE,TRIGGER,TRUNCATE,UPDATE ON TABLE auth.sso_domains TO postgres;
GRANT SELECT ON TABLE auth.sso_domains TO postgres WITH GRANT OPTION;
GRANT ALL ON TABLE auth.sso_domains TO dashboard_user;


--
-- Name: TABLE sso_providers; Type: ACL; Schema: auth; Owner: supabase_auth_admin
--

GRANT INSERT,REFERENCES,DELETE,TRIGGER,TRUNCATE,UPDATE ON TABLE auth.sso_providers TO postgres;
GRANT SELECT ON TABLE auth.sso_providers TO postgres WITH GRANT OPTION;
GRANT ALL ON TABLE auth.sso_providers TO dashboard_user;


--
-- Name: TABLE users; Type: ACL; Schema: auth; Owner: supabase_auth_admin
--

GRANT ALL ON TABLE auth.users TO dashboard_user;
GRANT INSERT,REFERENCES,DELETE,TRIGGER,TRUNCATE,UPDATE ON TABLE auth.users TO postgres;
GRANT SELECT ON TABLE auth.users TO postgres WITH GRANT OPTION;


--
-- Name: TABLE pg_stat_statements; Type: ACL; Schema: extensions; Owner: postgres
--

REVOKE ALL ON TABLE extensions.pg_stat_statements FROM postgres;
GRANT ALL ON TABLE extensions.pg_stat_statements TO postgres WITH GRANT OPTION;
GRANT ALL ON TABLE extensions.pg_stat_statements TO dashboard_user;


--
-- Name: TABLE pg_stat_statements_info; Type: ACL; Schema: extensions; Owner: postgres
--

REVOKE ALL ON TABLE extensions.pg_stat_statements_info FROM postgres;
GRANT ALL ON TABLE extensions.pg_stat_statements_info TO postgres WITH GRANT OPTION;
GRANT ALL ON TABLE extensions.pg_stat_statements_info TO dashboard_user;


--
-- Name: TABLE duaas; Type: ACL; Schema: public; Owner: postgres
--

GRANT ALL ON TABLE public.duaas TO anon;
GRANT ALL ON TABLE public.duaas TO authenticated;
GRANT ALL ON TABLE public.duaas TO service_role;


--
-- Name: TABLE duaas_a; Type: ACL; Schema: public; Owner: postgres
--

GRANT ALL ON TABLE public.duaas_a TO anon;
GRANT ALL ON TABLE public.duaas_a TO authenticated;
GRANT ALL ON TABLE public.duaas_a TO service_role;


--
-- Name: TABLE people; Type: ACL; Schema: public; Owner: postgres
--

GRANT ALL ON TABLE public.people TO anon;
GRANT ALL ON TABLE public.people TO authenticated;
GRANT ALL ON TABLE public.people TO service_role;


--
-- Name: TABLE people_a; Type: ACL; Schema: public; Owner: postgres
--

GRANT ALL ON TABLE public.people_a TO anon;
GRANT ALL ON TABLE public.people_a TO authenticated;
GRANT ALL ON TABLE public.people_a TO service_role;


--
-- Name: TABLE messages; Type: ACL; Schema: realtime; Owner: supabase_realtime_admin
--

GRANT ALL ON TABLE realtime.messages TO postgres;
GRANT ALL ON TABLE realtime.messages TO dashboard_user;
GRANT SELECT,INSERT,UPDATE ON TABLE realtime.messages TO anon;
GRANT SELECT,INSERT,UPDATE ON TABLE realtime.messages TO authenticated;
GRANT SELECT,INSERT,UPDATE ON TABLE realtime.messages TO service_role;


--
-- Name: TABLE messages_2025_05_15; Type: ACL; Schema: realtime; Owner: supabase_admin
--

GRANT ALL ON TABLE realtime.messages_2025_05_15 TO postgres;
GRANT ALL ON TABLE realtime.messages_2025_05_15 TO dashboard_user;


--
-- Name: TABLE messages_2025_05_16; Type: ACL; Schema: realtime; Owner: supabase_admin
--

GRANT ALL ON TABLE realtime.messages_2025_05_16 TO postgres;
GRANT ALL ON TABLE realtime.messages_2025_05_16 TO dashboard_user;


--
-- Name: TABLE messages_2025_05_17; Type: ACL; Schema: realtime; Owner: supabase_admin
--

GRANT ALL ON TABLE realtime.messages_2025_05_17 TO postgres;
GRANT ALL ON TABLE realtime.messages_2025_05_17 TO dashboard_user;


--
-- Name: TABLE messages_2025_05_18; Type: ACL; Schema: realtime; Owner: supabase_admin
--

GRANT ALL ON TABLE realtime.messages_2025_05_18 TO postgres;
GRANT ALL ON TABLE realtime.messages_2025_05_18 TO dashboard_user;


--
-- Name: TABLE messages_2025_05_19; Type: ACL; Schema: realtime; Owner: supabase_admin
--

GRANT ALL ON TABLE realtime.messages_2025_05_19 TO postgres;
GRANT ALL ON TABLE realtime.messages_2025_05_19 TO dashboard_user;


--
-- Name: TABLE schema_migrations; Type: ACL; Schema: realtime; Owner: supabase_admin
--

GRANT ALL ON TABLE realtime.schema_migrations TO postgres;
GRANT ALL ON TABLE realtime.schema_migrations TO dashboard_user;
GRANT SELECT ON TABLE realtime.schema_migrations TO anon;
GRANT SELECT ON TABLE realtime.schema_migrations TO authenticated;
GRANT SELECT ON TABLE realtime.schema_migrations TO service_role;
GRANT ALL ON TABLE realtime.schema_migrations TO supabase_realtime_admin;


--
-- Name: TABLE subscription; Type: ACL; Schema: realtime; Owner: supabase_admin
--

GRANT ALL ON TABLE realtime.subscription TO postgres;
GRANT ALL ON TABLE realtime.subscription TO dashboard_user;
GRANT SELECT ON TABLE realtime.subscription TO anon;
GRANT SELECT ON TABLE realtime.subscription TO authenticated;
GRANT SELECT ON TABLE realtime.subscription TO service_role;
GRANT ALL ON TABLE realtime.subscription TO supabase_realtime_admin;


--
-- Name: SEQUENCE subscription_id_seq; Type: ACL; Schema: realtime; Owner: supabase_admin
--

GRANT ALL ON SEQUENCE realtime.subscription_id_seq TO postgres;
GRANT ALL ON SEQUENCE realtime.subscription_id_seq TO dashboard_user;
GRANT USAGE ON SEQUENCE realtime.subscription_id_seq TO anon;
GRANT USAGE ON SEQUENCE realtime.subscription_id_seq TO authenticated;
GRANT USAGE ON SEQUENCE realtime.subscription_id_seq TO service_role;
GRANT ALL ON SEQUENCE realtime.subscription_id_seq TO supabase_realtime_admin;


--
-- Name: TABLE buckets; Type: ACL; Schema: storage; Owner: supabase_storage_admin
--

GRANT ALL ON TABLE storage.buckets TO anon;
GRANT ALL ON TABLE storage.buckets TO authenticated;
GRANT ALL ON TABLE storage.buckets TO service_role;
GRANT ALL ON TABLE storage.buckets TO postgres;


--
-- Name: TABLE objects; Type: ACL; Schema: storage; Owner: supabase_storage_admin
--

GRANT ALL ON TABLE storage.objects TO anon;
GRANT ALL ON TABLE storage.objects TO authenticated;
GRANT ALL ON TABLE storage.objects TO service_role;
GRANT ALL ON TABLE storage.objects TO postgres;


--
-- Name: TABLE s3_multipart_uploads; Type: ACL; Schema: storage; Owner: supabase_storage_admin
--

GRANT ALL ON TABLE storage.s3_multipart_uploads TO service_role;
GRANT SELECT ON TABLE storage.s3_multipart_uploads TO authenticated;
GRANT SELECT ON TABLE storage.s3_multipart_uploads TO anon;


--
-- Name: TABLE s3_multipart_uploads_parts; Type: ACL; Schema: storage; Owner: supabase_storage_admin
--

GRANT ALL ON TABLE storage.s3_multipart_uploads_parts TO service_role;
GRANT SELECT ON TABLE storage.s3_multipart_uploads_parts TO authenticated;
GRANT SELECT ON TABLE storage.s3_multipart_uploads_parts TO anon;


--
-- Name: TABLE secrets; Type: ACL; Schema: vault; Owner: supabase_admin
--

GRANT SELECT,REFERENCES,DELETE,TRUNCATE ON TABLE vault.secrets TO postgres WITH GRANT OPTION;
GRANT SELECT,DELETE ON TABLE vault.secrets TO service_role;


--
-- Name: TABLE decrypted_secrets; Type: ACL; Schema: vault; Owner: supabase_admin
--

GRANT SELECT,REFERENCES,DELETE,TRUNCATE ON TABLE vault.decrypted_secrets TO postgres WITH GRANT OPTION;
GRANT SELECT,DELETE ON TABLE vault.decrypted_secrets TO service_role;


--
-- Name: DEFAULT PRIVILEGES FOR SEQUENCES; Type: DEFAULT ACL; Schema: auth; Owner: supabase_auth_admin
--

ALTER DEFAULT PRIVILEGES FOR ROLE supabase_auth_admin IN SCHEMA auth GRANT ALL ON SEQUENCES  TO postgres;
ALTER DEFAULT PRIVILEGES FOR ROLE supabase_auth_admin IN SCHEMA auth GRANT ALL ON SEQUENCES  TO dashboard_user;


--
-- Name: DEFAULT PRIVILEGES FOR FUNCTIONS; Type: DEFAULT ACL; Schema: auth; Owner: supabase_auth_admin
--

ALTER DEFAULT PRIVILEGES FOR ROLE supabase_auth_admin IN SCHEMA auth GRANT ALL ON FUNCTIONS  TO postgres;
ALTER DEFAULT PRIVILEGES FOR ROLE supabase_auth_admin IN SCHEMA auth GRANT ALL ON FUNCTIONS  TO dashboard_user;


--
-- Name: DEFAULT PRIVILEGES FOR TABLES; Type: DEFAULT ACL; Schema: auth; Owner: supabase_auth_admin
--

ALTER DEFAULT PRIVILEGES FOR ROLE supabase_auth_admin IN SCHEMA auth GRANT ALL ON TABLES  TO postgres;
ALTER DEFAULT PRIVILEGES FOR ROLE supabase_auth_admin IN SCHEMA auth GRANT ALL ON TABLES  TO dashboard_user;


--
-- Name: DEFAULT PRIVILEGES FOR SEQUENCES; Type: DEFAULT ACL; Schema: extensions; Owner: supabase_admin
--

ALTER DEFAULT PRIVILEGES FOR ROLE supabase_admin IN SCHEMA extensions GRANT ALL ON SEQUENCES  TO postgres WITH GRANT OPTION;


--
-- Name: DEFAULT PRIVILEGES FOR FUNCTIONS; Type: DEFAULT ACL; Schema: extensions; Owner: supabase_admin
--

ALTER DEFAULT PRIVILEGES FOR ROLE supabase_admin IN SCHEMA extensions GRANT ALL ON FUNCTIONS  TO postgres WITH GRANT OPTION;


--
-- Name: DEFAULT PRIVILEGES FOR TABLES; Type: DEFAULT ACL; Schema: extensions; Owner: supabase_admin
--

ALTER DEFAULT PRIVILEGES FOR ROLE supabase_admin IN SCHEMA extensions GRANT ALL ON TABLES  TO postgres WITH GRANT OPTION;


--
-- Name: DEFAULT PRIVILEGES FOR SEQUENCES; Type: DEFAULT ACL; Schema: graphql; Owner: supabase_admin
--

ALTER DEFAULT PRIVILEGES FOR ROLE supabase_admin IN SCHEMA graphql GRANT ALL ON SEQUENCES  TO postgres;
ALTER DEFAULT PRIVILEGES FOR ROLE supabase_admin IN SCHEMA graphql GRANT ALL ON SEQUENCES  TO anon;
ALTER DEFAULT PRIVILEGES FOR ROLE supabase_admin IN SCHEMA graphql GRANT ALL ON SEQUENCES  TO authenticated;
ALTER DEFAULT PRIVILEGES FOR ROLE supabase_admin IN SCHEMA graphql GRANT ALL ON SEQUENCES  TO service_role;


--
-- Name: DEFAULT PRIVILEGES FOR FUNCTIONS; Type: DEFAULT ACL; Schema: graphql; Owner: supabase_admin
--

ALTER DEFAULT PRIVILEGES FOR ROLE supabase_admin IN SCHEMA graphql GRANT ALL ON FUNCTIONS  TO postgres;
ALTER DEFAULT PRIVILEGES FOR ROLE supabase_admin IN SCHEMA graphql GRANT ALL ON FUNCTIONS  TO anon;
ALTER DEFAULT PRIVILEGES FOR ROLE supabase_admin IN SCHEMA graphql GRANT ALL ON FUNCTIONS  TO authenticated;
ALTER DEFAULT PRIVILEGES FOR ROLE supabase_admin IN SCHEMA graphql GRANT ALL ON FUNCTIONS  TO service_role;


--
-- Name: DEFAULT PRIVILEGES FOR TABLES; Type: DEFAULT ACL; Schema: graphql; Owner: supabase_admin
--

ALTER DEFAULT PRIVILEGES FOR ROLE supabase_admin IN SCHEMA graphql GRANT ALL ON TABLES  TO postgres;
ALTER DEFAULT PRIVILEGES FOR ROLE supabase_admin IN SCHEMA graphql GRANT ALL ON TABLES  TO anon;
ALTER DEFAULT PRIVILEGES FOR ROLE supabase_admin IN SCHEMA graphql GRANT ALL ON TABLES  TO authenticated;
ALTER DEFAULT PRIVILEGES FOR ROLE supabase_admin IN SCHEMA graphql GRANT ALL ON TABLES  TO service_role;


--
-- Name: DEFAULT PRIVILEGES FOR SEQUENCES; Type: DEFAULT ACL; Schema: graphql_public; Owner: supabase_admin
--

ALTER DEFAULT PRIVILEGES FOR ROLE supabase_admin IN SCHEMA graphql_public GRANT ALL ON SEQUENCES  TO postgres;
ALTER DEFAULT PRIVILEGES FOR ROLE supabase_admin IN SCHEMA graphql_public GRANT ALL ON SEQUENCES  TO anon;
ALTER DEFAULT PRIVILEGES FOR ROLE supabase_admin IN SCHEMA graphql_public GRANT ALL ON SEQUENCES  TO authenticated;
ALTER DEFAULT PRIVILEGES FOR ROLE supabase_admin IN SCHEMA graphql_public GRANT ALL ON SEQUENCES  TO service_role;


--
-- Name: DEFAULT PRIVILEGES FOR FUNCTIONS; Type: DEFAULT ACL; Schema: graphql_public; Owner: supabase_admin
--

ALTER DEFAULT PRIVILEGES FOR ROLE supabase_admin IN SCHEMA graphql_public GRANT ALL ON FUNCTIONS  TO postgres;
ALTER DEFAULT PRIVILEGES FOR ROLE supabase_admin IN SCHEMA graphql_public GRANT ALL ON FUNCTIONS  TO anon;
ALTER DEFAULT PRIVILEGES FOR ROLE supabase_admin IN SCHEMA graphql_public GRANT ALL ON FUNCTIONS  TO authenticated;
ALTER DEFAULT PRIVILEGES FOR ROLE supabase_admin IN SCHEMA graphql_public GRANT ALL ON FUNCTIONS  TO service_role;


--
-- Name: DEFAULT PRIVILEGES FOR TABLES; Type: DEFAULT ACL; Schema: graphql_public; Owner: supabase_admin
--

ALTER DEFAULT PRIVILEGES FOR ROLE supabase_admin IN SCHEMA graphql_public GRANT ALL ON TABLES  TO postgres;
ALTER DEFAULT PRIVILEGES FOR ROLE supabase_admin IN SCHEMA graphql_public GRANT ALL ON TABLES  TO anon;
ALTER DEFAULT PRIVILEGES FOR ROLE supabase_admin IN SCHEMA graphql_public GRANT ALL ON TABLES  TO authenticated;
ALTER DEFAULT PRIVILEGES FOR ROLE supabase_admin IN SCHEMA graphql_public GRANT ALL ON TABLES  TO service_role;


--
-- Name: DEFAULT PRIVILEGES FOR SEQUENCES; Type: DEFAULT ACL; Schema: public; Owner: postgres
--

ALTER DEFAULT PRIVILEGES FOR ROLE postgres IN SCHEMA public GRANT ALL ON SEQUENCES  TO postgres;
ALTER DEFAULT PRIVILEGES FOR ROLE postgres IN SCHEMA public GRANT ALL ON SEQUENCES  TO anon;
ALTER DEFAULT PRIVILEGES FOR ROLE postgres IN SCHEMA public GRANT ALL ON SEQUENCES  TO authenticated;
ALTER DEFAULT PRIVILEGES FOR ROLE postgres IN SCHEMA public GRANT ALL ON SEQUENCES  TO service_role;


--
-- Name: DEFAULT PRIVILEGES FOR SEQUENCES; Type: DEFAULT ACL; Schema: public; Owner: supabase_admin
--

ALTER DEFAULT PRIVILEGES FOR ROLE supabase_admin IN SCHEMA public GRANT ALL ON SEQUENCES  TO postgres;
ALTER DEFAULT PRIVILEGES FOR ROLE supabase_admin IN SCHEMA public GRANT ALL ON SEQUENCES  TO anon;
ALTER DEFAULT PRIVILEGES FOR ROLE supabase_admin IN SCHEMA public GRANT ALL ON SEQUENCES  TO authenticated;
ALTER DEFAULT PRIVILEGES FOR ROLE supabase_admin IN SCHEMA public GRANT ALL ON SEQUENCES  TO service_role;


--
-- Name: DEFAULT PRIVILEGES FOR FUNCTIONS; Type: DEFAULT ACL; Schema: public; Owner: postgres
--

ALTER DEFAULT PRIVILEGES FOR ROLE postgres IN SCHEMA public GRANT ALL ON FUNCTIONS  TO postgres;
ALTER DEFAULT PRIVILEGES FOR ROLE postgres IN SCHEMA public GRANT ALL ON FUNCTIONS  TO anon;
ALTER DEFAULT PRIVILEGES FOR ROLE postgres IN SCHEMA public GRANT ALL ON FUNCTIONS  TO authenticated;
ALTER DEFAULT PRIVILEGES FOR ROLE postgres IN SCHEMA public GRANT ALL ON FUNCTIONS  TO service_role;


--
-- Name: DEFAULT PRIVILEGES FOR FUNCTIONS; Type: DEFAULT ACL; Schema: public; Owner: supabase_admin
--

ALTER DEFAULT PRIVILEGES FOR ROLE supabase_admin IN SCHEMA public GRANT ALL ON FUNCTIONS  TO postgres;
ALTER DEFAULT PRIVILEGES FOR ROLE supabase_admin IN SCHEMA public GRANT ALL ON FUNCTIONS  TO anon;
ALTER DEFAULT PRIVILEGES FOR ROLE supabase_admin IN SCHEMA public GRANT ALL ON FUNCTIONS  TO authenticated;
ALTER DEFAULT PRIVILEGES FOR ROLE supabase_admin IN SCHEMA public GRANT ALL ON FUNCTIONS  TO service_role;


--
-- Name: DEFAULT PRIVILEGES FOR TABLES; Type: DEFAULT ACL; Schema: public; Owner: postgres
--

ALTER DEFAULT PRIVILEGES FOR ROLE postgres IN SCHEMA public GRANT ALL ON TABLES  TO postgres;
ALTER DEFAULT PRIVILEGES FOR ROLE postgres IN SCHEMA public GRANT ALL ON TABLES  TO anon;
ALTER DEFAULT PRIVILEGES FOR ROLE postgres IN SCHEMA public GRANT ALL ON TABLES  TO authenticated;
ALTER DEFAULT PRIVILEGES FOR ROLE postgres IN SCHEMA public GRANT ALL ON TABLES  TO service_role;


--
-- Name: DEFAULT PRIVILEGES FOR TABLES; Type: DEFAULT ACL; Schema: public; Owner: supabase_admin
--

ALTER DEFAULT PRIVILEGES FOR ROLE supabase_admin IN SCHEMA public GRANT ALL ON TABLES  TO postgres;
ALTER DEFAULT PRIVILEGES FOR ROLE supabase_admin IN SCHEMA public GRANT ALL ON TABLES  TO anon;
ALTER DEFAULT PRIVILEGES FOR ROLE supabase_admin IN SCHEMA public GRANT ALL ON TABLES  TO authenticated;
ALTER DEFAULT PRIVILEGES FOR ROLE supabase_admin IN SCHEMA public GRANT ALL ON TABLES  TO service_role;


--
-- Name: DEFAULT PRIVILEGES FOR SEQUENCES; Type: DEFAULT ACL; Schema: realtime; Owner: supabase_admin
--

ALTER DEFAULT PRIVILEGES FOR ROLE supabase_admin IN SCHEMA realtime GRANT ALL ON SEQUENCES  TO postgres;
ALTER DEFAULT PRIVILEGES FOR ROLE supabase_admin IN SCHEMA realtime GRANT ALL ON SEQUENCES  TO dashboard_user;


--
-- Name: DEFAULT PRIVILEGES FOR FUNCTIONS; Type: DEFAULT ACL; Schema: realtime; Owner: supabase_admin
--

ALTER DEFAULT PRIVILEGES FOR ROLE supabase_admin IN SCHEMA realtime GRANT ALL ON FUNCTIONS  TO postgres;
ALTER DEFAULT PRIVILEGES FOR ROLE supabase_admin IN SCHEMA realtime GRANT ALL ON FUNCTIONS  TO dashboard_user;


--
-- Name: DEFAULT PRIVILEGES FOR TABLES; Type: DEFAULT ACL; Schema: realtime; Owner: supabase_admin
--

ALTER DEFAULT PRIVILEGES FOR ROLE supabase_admin IN SCHEMA realtime GRANT ALL ON TABLES  TO postgres;
ALTER DEFAULT PRIVILEGES FOR ROLE supabase_admin IN SCHEMA realtime GRANT ALL ON TABLES  TO dashboard_user;


--
-- Name: DEFAULT PRIVILEGES FOR SEQUENCES; Type: DEFAULT ACL; Schema: storage; Owner: postgres
--

ALTER DEFAULT PRIVILEGES FOR ROLE postgres IN SCHEMA storage GRANT ALL ON SEQUENCES  TO postgres;
ALTER DEFAULT PRIVILEGES FOR ROLE postgres IN SCHEMA storage GRANT ALL ON SEQUENCES  TO anon;
ALTER DEFAULT PRIVILEGES FOR ROLE postgres IN SCHEMA storage GRANT ALL ON SEQUENCES  TO authenticated;
ALTER DEFAULT PRIVILEGES FOR ROLE postgres IN SCHEMA storage GRANT ALL ON SEQUENCES  TO service_role;


--
-- Name: DEFAULT PRIVILEGES FOR FUNCTIONS; Type: DEFAULT ACL; Schema: storage; Owner: postgres
--

ALTER DEFAULT PRIVILEGES FOR ROLE postgres IN SCHEMA storage GRANT ALL ON FUNCTIONS  TO postgres;
ALTER DEFAULT PRIVILEGES FOR ROLE postgres IN SCHEMA storage GRANT ALL ON FUNCTIONS  TO anon;
ALTER DEFAULT PRIVILEGES FOR ROLE postgres IN SCHEMA storage GRANT ALL ON FUNCTIONS  TO authenticated;
ALTER DEFAULT PRIVILEGES FOR ROLE postgres IN SCHEMA storage GRANT ALL ON FUNCTIONS  TO service_role;


--
-- Name: DEFAULT PRIVILEGES FOR TABLES; Type: DEFAULT ACL; Schema: storage; Owner: postgres
--

ALTER DEFAULT PRIVILEGES FOR ROLE postgres IN SCHEMA storage GRANT ALL ON TABLES  TO postgres;
ALTER DEFAULT PRIVILEGES FOR ROLE postgres IN SCHEMA storage GRANT ALL ON TABLES  TO anon;
ALTER DEFAULT PRIVILEGES FOR ROLE postgres IN SCHEMA storage GRANT ALL ON TABLES  TO authenticated;
ALTER DEFAULT PRIVILEGES FOR ROLE postgres IN SCHEMA storage GRANT ALL ON TABLES  TO service_role;


--
-- Name: issue_graphql_placeholder; Type: EVENT TRIGGER; Schema: -; Owner: supabase_admin
--

CREATE EVENT TRIGGER issue_graphql_placeholder ON sql_drop
         WHEN TAG IN ('DROP EXTENSION')
   EXECUTE FUNCTION extensions.set_graphql_placeholder();


ALTER EVENT TRIGGER issue_graphql_placeholder OWNER TO supabase_admin;

--
-- Name: issue_pg_cron_access; Type: EVENT TRIGGER; Schema: -; Owner: supabase_admin
--

CREATE EVENT TRIGGER issue_pg_cron_access ON ddl_command_end
         WHEN TAG IN ('CREATE EXTENSION')
   EXECUTE FUNCTION extensions.grant_pg_cron_access();


ALTER EVENT TRIGGER issue_pg_cron_access OWNER TO supabase_admin;

--
-- Name: issue_pg_graphql_access; Type: EVENT TRIGGER; Schema: -; Owner: supabase_admin
--

CREATE EVENT TRIGGER issue_pg_graphql_access ON ddl_command_end
         WHEN TAG IN ('CREATE FUNCTION')
   EXECUTE FUNCTION extensions.grant_pg_graphql_access();


ALTER EVENT TRIGGER issue_pg_graphql_access OWNER TO supabase_admin;

--
-- Name: issue_pg_net_access; Type: EVENT TRIGGER; Schema: -; Owner: supabase_admin
--

CREATE EVENT TRIGGER issue_pg_net_access ON ddl_command_end
         WHEN TAG IN ('CREATE EXTENSION')
   EXECUTE FUNCTION extensions.grant_pg_net_access();


ALTER EVENT TRIGGER issue_pg_net_access OWNER TO supabase_admin;

--
-- Name: pgrst_ddl_watch; Type: EVENT TRIGGER; Schema: -; Owner: supabase_admin
--

CREATE EVENT TRIGGER pgrst_ddl_watch ON ddl_command_end
   EXECUTE FUNCTION extensions.pgrst_ddl_watch();


ALTER EVENT TRIGGER pgrst_ddl_watch OWNER TO supabase_admin;

--
-- Name: pgrst_drop_watch; Type: EVENT TRIGGER; Schema: -; Owner: supabase_admin
--

CREATE EVENT TRIGGER pgrst_drop_watch ON sql_drop
   EXECUTE FUNCTION extensions.pgrst_drop_watch();


ALTER EVENT TRIGGER pgrst_drop_watch OWNER TO supabase_admin;

--
-- PostgreSQL database dump complete
--

--
-- PostgreSQL database cluster dump complete
--

